Abert's towhee,https://upload.wikimedia.org/wikipedia/commons/thumb/2/22/Pipilo_aberti.jpg/330px-Pipilo_aberti.jpg
Acadian flycatcher,https://upload.wikimedia.org/wikipedia/commons/thumb/7/73/Empidonax_virescens_99136793_%28cropped%29.jpg/330px-Empidonax_virescens_99136793_%28cropped%29.jpg
Acorn woodpecker,https://upload.wikimedia.org/wikipedia/commons/thumb/0/0f/Acorn_woodpecker_holding_a_nut_in_its_beak-0225.jpg/330px-Acorn_woodpecker_holding_a_nut_in_its_beak-0225.jpg
African blue tit,https://upload.wikimedia.org/wikipedia/commons/thumb/7/7f/Cyanistes_teneriffae_hedwigae_-Gran_Canaria%2C_Canary_Islands%2C_Spain-8.jpg/330px-Cyanistes_teneriffae_hedwigae_-Gran_Canaria%2C_Canary_Islands%2C_Spain-8.jpg
African reed warbler,https://upload.wikimedia.org/wikipedia/commons/thumb/2/24/PleidelsheimerWiesentalTeichrohrsaenger.jpg/330px-PleidelsheimerWiesentalTeichrohrsaenger.jpg
Alder flycatcher,https://upload.wikimedia.org/wikipedia/commons/thumb/0/00/Empidonax_alnorum_CT2.jpg/330px-Empidonax_alnorum_CT2.jpg
Aleutian tern,https://upload.wikimedia.org/wikipedia/commons/thumb/6/6c/Aleutian_Tern.jpg/330px-Aleutian_Tern.jpg
Alexandrine parakeet,https://upload.wikimedia.org/wikipedia/commons/thumb/e/e9/Alexandrine_parakeet_%28Psittacula_eupatria_eupatria%29_male.jpg/330px-Alexandrine_parakeet_%28Psittacula_eupatria_eupatria%29_male.jpg
Algerian nuthatch,https://upload.wikimedia.org/wikipedia/commons/thumb/1/17/Sitta_ledanti_-_Karim_Haddad_%28cropped%29.jpeg/330px-Sitta_ledanti_-_Karim_Haddad_%28cropped%29.jpeg
Allen's hummingbird,https://upload.wikimedia.org/wikipedia/commons/thumb/a/a5/Allen%27s_Hummingbird_Selasphorus_sasin_%2832540935410%29.jpg/330px-Allen%27s_Hummingbird_Selasphorus_sasin_%2832540935410%29.jpg
Alpine accentor,https://upload.wikimedia.org/wikipedia/commons/thumb/d/df/Alpine_accentor_saganta.jpg/330px-Alpine_accentor_saganta.jpg
Alpine swift,https://upload.wikimedia.org/wikipedia/commons/thumb/4/4d/%CE%92%CE%BF%CF%85%CE%BD%CE%BF%CF%83%CF%84%CE%B1%CF%87%CF%84%CE%AC%CF%81%CE%B1_Alpine_Swift_Tachymarptis_melba.jpg/330px-%CE%92%CE%BF%CF%85%CE%BD%CE%BF%CF%83%CF%84%CE%B1%CF%87%CF%84%CE%AC%CF%81%CE%B1_Alpine_Swift_Tachymarptis_melba.jpg
Altamira oriole,https://upload.wikimedia.org/wikipedia/commons/thumb/a/a3/Altamira_oriole_%28Icterus_gularis_gigas%29_Copan.jpg/330px-Altamira_oriole_%28Icterus_gularis_gigas%29_Copan.jpg
American avocet,https://upload.wikimedia.org/wikipedia/commons/thumb/d/de/American_Avocet1.jpg/330px-American_Avocet1.jpg
American bittern,https://upload.wikimedia.org/wikipedia/commons/thumb/8/8d/Botaurus_lentiginosus_28079.JPG/330px-Botaurus_lentiginosus_28079.JPG
American coot,https://upload.wikimedia.org/wikipedia/commons/thumb/d/d8/American_coot_in_Prospect_Park_%2806152%29.jpg/330px-American_coot_in_Prospect_Park_%2806152%29.jpg
American crow,https://upload.wikimedia.org/wikipedia/commons/thumb/0/0a/Corvus-brachyrhynchos-001.jpg/330px-Corvus-brachyrhynchos-001.jpg
American dipper,https://upload.wikimedia.org/wikipedia/commons/thumb/b/b7/AmericanDipper.jpg/330px-AmericanDipper.jpg
American golden plover,https://upload.wikimedia.org/wikipedia/commons/thumb/0/0c/American_Golden_Plover_%287458262530%29.jpg/330px-American_Golden_Plover_%287458262530%29.jpg
American goldfinch,https://upload.wikimedia.org/wikipedia/commons/thumb/d/d9/Carduelis_tristis_-Michigan%2C_USA_-male-8.jpg/330px-Carduelis_tristis_-Michigan%2C_USA_-male-8.jpg
American kestrel,https://upload.wikimedia.org/wikipedia/commons/thumb/6/6a/American_Kestrel_%2853468230687%29.jpg/330px-American_Kestrel_%2853468230687%29.jpg
American oystercatcher,https://upload.wikimedia.org/wikipedia/commons/thumb/d/d0/American_oystercatcher_on_Fort_Tilden_beach_%2893754%29.jpg/330px-American_oystercatcher_on_Fort_Tilden_beach_%2893754%29.jpg
Buff-bellied pipit,https://upload.wikimedia.org/wikipedia/commons/thumb/0/07/Anthus_rubescens_-Harney_County%2C_Oregon%2C_USA-8.jpg/330px-Anthus_rubescens_-Harney_County%2C_Oregon%2C_USA-8.jpg
American redstart,https://upload.wikimedia.org/wikipedia/commons/thumb/0/07/American_redstart_in_JBWR_%2824754%29.jpg/330px-American_redstart_in_JBWR_%2824754%29.jpg
American robin,https://upload.wikimedia.org/wikipedia/commons/thumb/9/97/American_robin_%2871307%29.jpg/330px-American_robin_%2871307%29.jpg
American three-toed woodpecker,https://upload.wikimedia.org/wikipedia/commons/thumb/7/77/American_Three-toed_Woodpecker_-_Picoides_dorsalis_%28Male%29.jpg/330px-American_Three-toed_Woodpecker_-_Picoides_dorsalis_%28Male%29.jpg
American tree sparrow,https://upload.wikimedia.org/wikipedia/commons/thumb/c/c4/American_Tree_Sparrow_-_Flickr_-_Fyn_Kynd.jpg/330px-American_Tree_Sparrow_-_Flickr_-_Fyn_Kynd.jpg
American wigeon,https://upload.wikimedia.org/wikipedia/commons/thumb/7/76/American_Wigeon_Male.jpg/330px-American_Wigeon_Male.jpg
American woodcock,https://upload.wikimedia.org/wikipedia/commons/thumb/1/1d/American_woodcock_%2895252%29.jpg/330px-American_woodcock_%2895252%29.jpg
Anhinga,https://upload.wikimedia.org/wikipedia/commons/thumb/7/7e/Anhinga_anhinga_-Costa_Rica-8.jpg/330px-Anhinga_anhinga_-Costa_Rica-8.jpg
Anna's hummingbird,https://upload.wikimedia.org/wikipedia/commons/thumb/c/c4/Anna%27s_hummingbird.jpg/330px-Anna%27s_hummingbird.jpg
Antillean nighthawk,https://upload.wikimedia.org/wikipedia/commons/thumb/1/1a/Antillean_Nighthawk_JG.jpg/330px-Antillean_Nighthawk_JG.jpg
Aplomado falcon,https://upload.wikimedia.org/wikipedia/commons/thumb/5/52/Aplomado_Falcon_%28Falco_femoralis%29_%2831631199902%29.jpg/330px-Aplomado_Falcon_%28Falco_femoralis%29_%2831631199902%29.jpg
Aquatic warbler,https://upload.wikimedia.org/wikipedia/commons/thumb/a/a7/Aquatic_Warbler_%28Acrocephalus_paludicola%29_%2814363772751%29.jpg/330px-Aquatic_Warbler_%28Acrocephalus_paludicola%29_%2814363772751%29.jpg
Black-throated loon,https://upload.wikimedia.org/wikipedia/commons/thumb/3/3e/Black-throated_Diver%2C_Oulu%2C_Finland_02_%2815195370798%29.jpg/330px-Black-throated_Diver%2C_Oulu%2C_Finland_02_%2815195370798%29.jpg
Arctic tern,https://upload.wikimedia.org/wikipedia/commons/thumb/f/fa/Arctic_tern_%28Sterna_paradisaea%29_Flatey_3.jpg/330px-Arctic_tern_%28Sterna_paradisaea%29_Flatey_3.jpg
Arctic warbler,https://upload.wikimedia.org/wikipedia/commons/thumb/3/33/Arctic_Warbler_4683b.jpg/330px-Arctic_Warbler_4683b.jpg
Arizona woodpecker,https://upload.wikimedia.org/wikipedia/commons/thumb/4/4b/Arizona_Woodpecker.jpg/330px-Arizona_Woodpecker.jpg
Ash-throated flycatcher,https://upload.wikimedia.org/wikipedia/commons/thumb/4/43/Myiarchus_cinerascens.jpg/330px-Myiarchus_cinerascens.jpg
Asian desert warbler,https://upload.wikimedia.org/wikipedia/commons/thumb/c/c9/Asian_Desert_Warbler_%28Sylvia_nana%29_%2853678154976%29_%28cropped%29.jpg/330px-Asian_Desert_Warbler_%28Sylvia_nana%29_%2853678154976%29_%28cropped%29.jpg
Atlantic puffin,https://upload.wikimedia.org/wikipedia/commons/thumb/c/c4/Puffin_%28Fratercula_arctica%29.jpg/330px-Puffin_%28Fratercula_arctica%29.jpg
Atlas pied flycatcher,https://upload.wikimedia.org/wikipedia/commons/thumb/b/be/Atlas_Flycatcher_%28Ficedula_speculigera%29.jpg/330px-Atlas_Flycatcher_%28Ficedula_speculigera%29.jpg
Audouin's gull,https://upload.wikimedia.org/wikipedia/commons/thumb/8/87/Korallenm%C3%B6we.jpg/330px-Korallenm%C3%B6we.jpg
Audubon's oriole,https://upload.wikimedia.org/wikipedia/commons/thumb/d/d6/Audubon%27s_Oriole_%2812626811374%29.jpg/330px-Audubon%27s_Oriole_%2812626811374%29.jpg
Azure tit,https://upload.wikimedia.org/wikipedia/commons/thumb/5/59/Azure_Tit_-_Parus_cyanus.jpg/330px-Azure_Tit_-_Parus_cyanus.jpg
Bachman's sparrow,https://upload.wikimedia.org/wikipedia/commons/thumb/8/86/Peucaea_aestivalis_131605655_%28cropped%29.jpg/330px-Peucaea_aestivalis_131605655_%28cropped%29.jpg
Baird's sandpiper,https://upload.wikimedia.org/wikipedia/commons/thumb/d/dd/Baird%27s_sandpiper_%28Calidris_bairdii%29_01.jpg/330px-Baird%27s_sandpiper_%28Calidris_bairdii%29_01.jpg
Baird's sparrow,https://upload.wikimedia.org/wikipedia/commons/thumb/c/ce/Ammodramus_bairdii_FWS_001_%28cropped%29.jpg/330px-Ammodramus_bairdii_FWS_001_%28cropped%29.jpg
Bald eagle,https://upload.wikimedia.org/wikipedia/commons/thumb/d/db/Bald_eagle_about_to_fly_in_Alaska_%282016%29.jpg/330px-Bald_eagle_about_to_fly_in_Alaska_%282016%29.jpg
Baltimore oriole,https://upload.wikimedia.org/wikipedia/commons/thumb/f/f5/Baltimore_Oriole-_dorsum.jpg/330px-Baltimore_Oriole-_dorsum.jpg
Band-rumped storm petrel,https://upload.wikimedia.org/wikipedia/commons/thumb/6/6b/Band_rumped_storm_petrel_Andre_Raine_KESRP_%2821789178016%29.jpg/330px-Band_rumped_storm_petrel_Andre_Raine_KESRP_%2821789178016%29.jpg
Band-tailed pigeon,https://upload.wikimedia.org/wikipedia/commons/thumb/b/ba/Patagioenas_fasciata_-San_Luis_Obispo%2C_California%2C_USA-8_%281%29.jpg/330px-Patagioenas_fasciata_-San_Luis_Obispo%2C_California%2C_USA-8_%281%29.jpg
Sand martin,https://upload.wikimedia.org/wikipedia/commons/thumb/a/a8/Sand_martin_%28Riparia_riparia%29%2C_Guidel-Plage%2C_Brittany%2C_France_%2819765483180%29.jpg/330px-Sand_martin_%28Riparia_riparia%29%2C_Guidel-Plage%2C_Brittany%2C_France_%2819765483180%29.jpg
Bar-headed goose,https://upload.wikimedia.org/wikipedia/commons/thumb/6/6d/Bar-headed_Goose_AMSM5825_BHGE.jpg/330px-Bar-headed_Goose_AMSM5825_BHGE.jpg
Bar-tailed godwit,https://upload.wikimedia.org/wikipedia/commons/thumb/c/ca/Bar-tailed_Godwit.jpg/330px-Bar-tailed_Godwit.jpg
Bar-tailed lark,https://upload.wikimedia.org/wikipedia/commons/thumb/7/73/Ammomane_%C3%A9l%C3%A9gante_Jbil.jpg/330px-Ammomane_%C3%A9l%C3%A9gante_Jbil.jpg
Barbary partridge,https://upload.wikimedia.org/wikipedia/commons/thumb/0/0c/Alectoris_barbara_Tenerife.jpg/330px-Alectoris_barbara_Tenerife.jpg
Western barn owl,https://upload.wikimedia.org/wikipedia/commons/thumb/1/17/Barn_Owl%2C_Lancashire.jpg/330px-Barn_Owl%2C_Lancashire.jpg
Barn swallow,https://upload.wikimedia.org/wikipedia/commons/thumb/7/7d/Rauchschwalbe_Hirundo_rustica.jpg/330px-Rauchschwalbe_Hirundo_rustica.jpg
Barnacle goose,https://upload.wikimedia.org/wikipedia/commons/thumb/f/f5/Barnacle-Goose.jpg/330px-Barnacle-Goose.jpg
Barred owl,https://upload.wikimedia.org/wikipedia/commons/thumb/3/3c/Strix-varia-005.jpg/330px-Strix-varia-005.jpg
Barred warbler,https://upload.wikimedia.org/wikipedia/commons/thumb/c/ca/Curruca_nisoria_378155893_%28cropped%29.jpg/330px-Curruca_nisoria_378155893_%28cropped%29.jpg
Bay-breasted warbler,https://upload.wikimedia.org/wikipedia/commons/thumb/a/af/Dendroica-castanea-001.jpg/330px-Dendroica-castanea-001.jpg
Bearded reedling,https://upload.wikimedia.org/wikipedia/commons/thumb/f/f4/%D0%92%D1%83%D1%81%D0%B0%D1%87_8066.jpg/330px-%D0%92%D1%83%D1%81%D0%B0%D1%87_8066.jpg
Bell's sparrow,https://upload.wikimedia.org/wikipedia/commons/thumb/b/b8/BellsSparrow.jpg/330px-BellsSparrow.jpg
Bell's vireo,https://upload.wikimedia.org/wikipedia/commons/thumb/b/b6/Bell%27s_Vireo_-_17504639703.jpg/330px-Bell%27s_Vireo_-_17504639703.jpg
Belted kingfisher,https://upload.wikimedia.org/wikipedia/commons/thumb/0/0c/BeltedKingfisherJG_Male.jpg/330px-BeltedKingfisherJG_Male.jpg
Bendire's thrasher,https://upload.wikimedia.org/wikipedia/commons/thumb/8/82/Bendires_Thrasher_%28Toxostoma_bendirei%29_%286960355495%29.jpg/330px-Bendires_Thrasher_%28Toxostoma_bendirei%29_%286960355495%29.jpg
Bewick's wren,https://upload.wikimedia.org/wikipedia/commons/thumb/7/71/Bewicks_Wren.jpg/330px-Bewicks_Wren.jpg
Bicknell's thrush,https://upload.wikimedia.org/wikipedia/commons/thumb/7/76/Bicknells_Thrush_From_The_Crossley_ID_Guide_Eastern_Birds.jpg/330px-Bicknells_Thrush_From_The_Crossley_ID_Guide_Eastern_Birds.jpg
Bimaculated lark,https://upload.wikimedia.org/wikipedia/commons/thumb/f/ff/Melanocorypha_bimaculata_117209398.jpg/330px-Melanocorypha_bimaculata_117209398.jpg
Black francolin,https://upload.wikimedia.org/wikipedia/commons/thumb/9/9d/Black_Francolin.jpg/330px-Black_Francolin.jpg
Black grouse,https://upload.wikimedia.org/wikipedia/commons/thumb/b/bf/Black_Grouse_Nationalpark_Bayerischer_Wald.jpg/330px-Black_Grouse_Nationalpark_Bayerischer_Wald.jpg
Black guillemot,https://upload.wikimedia.org/wikipedia/commons/thumb/8/87/Black_guillemot_%28Cepphus_grylle_icelandicus%29_with_a_hermit_crab_%28Pagurus_bernhardus%29_Flatey.jpg/330px-Black_guillemot_%28Cepphus_grylle_icelandicus%29_with_a_hermit_crab_%28Pagurus_bernhardus%29_Flatey.jpg
Black kite,https://upload.wikimedia.org/wikipedia/commons/thumb/5/5a/Schwarzmilan.jpg/330px-Schwarzmilan.jpg
Black lark,https://upload.wikimedia.org/wikipedia/commons/thumb/4/45/Black_Lark_-_Kazakistan_S4E9836_%2816946135312%29-cropped.jpg/330px-Black_Lark_-_Kazakistan_S4E9836_%2816946135312%29-cropped.jpg
Black oystercatcher,https://upload.wikimedia.org/wikipedia/commons/thumb/7/72/Black_Oystercatcher_HMB_RWD4.jpg/330px-Black_Oystercatcher_HMB_RWD4.jpg
Black phoebe,https://upload.wikimedia.org/wikipedia/commons/thumb/c/c9/Black_phoebe_%28Sayornis_nigricans_aquaticus%29_Palopo.jpg/330px-Black_phoebe_%28Sayornis_nigricans_aquaticus%29_Palopo.jpg
Black rail,https://upload.wikimedia.org/wikipedia/commons/thumb/1/10/Laterallus_jamaicensis_-_Black_Rail%3B_Arari%2C_Maranh%C3%A3o%2C_Brazil.jpg/330px-Laterallus_jamaicensis_-_Black_Rail%3B_Arari%2C_Maranh%C3%A3o%2C_Brazil.jpg
Black redstart,https://upload.wikimedia.org/wikipedia/commons/thumb/7/7d/Rougequeue_noir_ichkeul057.jpg/330px-Rougequeue_noir_ichkeul057.jpg
Black rosy finch,https://upload.wikimedia.org/wikipedia/commons/thumb/7/79/Black_Rosy_Finch.jpg/330px-Black_Rosy_Finch.jpg
Black skimmer,https://upload.wikimedia.org/wikipedia/commons/thumb/3/39/Black_skimmer_Rynchops_niger.jpg/330px-Black_skimmer_Rynchops_niger.jpg
Black stork,https://upload.wikimedia.org/wikipedia/commons/thumb/b/ba/Ciconia_nigra_-Kruger_National_Park-8.jpg/330px-Ciconia_nigra_-Kruger_National_Park-8.jpg
Black swan,https://upload.wikimedia.org/wikipedia/commons/thumb/3/30/Black_swan_%28Cygnus_atratus%29_Scottsdale.jpg/330px-Black_swan_%28Cygnus_atratus%29_Scottsdale.jpg
Black tern,https://upload.wikimedia.org/wikipedia/commons/thumb/5/5e/%C4%8Cor%C3%ADk_%C4%8Dierny_%28Chlidonias_niger%29_a_%284644831482%29.jpg/330px-%C4%8Cor%C3%ADk_%C4%8Dierny_%28Chlidonias_niger%29_a_%284644831482%29.jpg
Black turnstone,https://upload.wikimedia.org/wikipedia/commons/thumb/0/0f/Black_Turnstone%2C_breeding_plumage_%282112366200%29.jpg/330px-Black_Turnstone%2C_breeding_plumage_%282112366200%29.jpg
Black vulture,https://upload.wikimedia.org/wikipedia/commons/thumb/c/cc/Black_vulture_%28Coragyps_atratus_brasiliensis%29_Peten.jpg/330px-Black_vulture_%28Coragyps_atratus_brasiliensis%29_Peten.jpg
Black wheatear,https://upload.wikimedia.org/wikipedia/commons/thumb/3/3b/Traquet_rieur_Gabes.jpg/330px-Traquet_rieur_Gabes.jpg
Black woodpecker,https://upload.wikimedia.org/wikipedia/commons/thumb/2/20/%D0%96%D0%B5%D0%BB%D0%BD%D0%B0_%28Dryocopus_martius%2C_fem%29%2C_%C2%AB%D0%93%D0%BE%D1%80%D0%BE%D0%B4%D1%81%D0%BA%D0%B0%D1%8F_%D1%88%D1%83%D0%BC%D0%B0%D1%88%D0%B5%D1%88%D0%B0%D1%8F%C2%BB.jpg/330px-%D0%96%D0%B5%D0%BB%D0%BD%D0%B0_%28Dryocopus_martius%2C_fem%29%2C_%C2%AB%D0%93%D0%BE%D1%80%D0%BE%D0%B4%D1%81%D0%BA%D0%B0%D1%8F_%D1%88%D1%83%D0%BC%D0%B0%D1%88%D0%B5%D1%88%D0%B0%D1%8F%C2%BB.jpg
Black-and-white warbler,https://upload.wikimedia.org/wikipedia/commons/thumb/0/07/Black-and-white_warbler_in_Prospect_Park_%2806193%292.jpg/330px-Black-and-white_warbler_in_Prospect_Park_%2806193%292.jpg
Black-backed woodpecker,https://upload.wikimedia.org/wikipedia/commons/thumb/0/09/Picoides_arcticus_-Brunswick%2C_Vermont%2C_USA_-male-8.jpg/330px-Picoides_arcticus_-Brunswick%2C_Vermont%2C_USA_-male-8.jpg
Grey plover,https://upload.wikimedia.org/wikipedia/commons/thumb/8/83/Grey_Plover_%28Pluvialis_squatarola%29_W_IMG_6950.jpg/330px-Grey_Plover_%28Pluvialis_squatarola%29_W_IMG_6950.jpg
Black-bellied sandgrouse,https://upload.wikimedia.org/wikipedia/commons/thumb/2/21/Pterocles_orientalis_in_flight.jpg/330px-Pterocles_orientalis_in_flight.jpg
Black-bellied whistling duck,https://upload.wikimedia.org/wikipedia/commons/thumb/2/25/Whistling_duck_flight02_-_natures_pics-edit1.jpg/330px-Whistling_duck_flight02_-_natures_pics-edit1.jpg
Black-billed cuckoo,https://upload.wikimedia.org/wikipedia/commons/thumb/6/67/Black-billed-cuckoo2.jpg/330px-Black-billed-cuckoo2.jpg
Black-billed magpie,https://upload.wikimedia.org/wikipedia/commons/thumb/4/49/BlackBilledMagpie.jpg/330px-BlackBilledMagpie.jpg
Black-capped chickadee,https://upload.wikimedia.org/wikipedia/commons/thumb/4/4a/Poecile-atricapilla-001.jpg/330px-Poecile-atricapilla-001.jpg
Black-capped vireo,https://upload.wikimedia.org/wikipedia/commons/thumb/c/c4/Black-capped-Vireo.jpg/330px-Black-capped-Vireo.jpg
Black-chinned hummingbird,https://upload.wikimedia.org/wikipedia/commons/thumb/f/fb/Archilochus-alexandri-003.jpg/330px-Archilochus-alexandri-003.jpg
Black-chinned sparrow,https://upload.wikimedia.org/wikipedia/commons/thumb/f/fe/Black-chinned_Sparrow_%28Spizella_atrogularis%29_%2816690054929%29.jpg/330px-Black-chinned_Sparrow_%28Spizella_atrogularis%29_%2816690054929%29.jpg
Black-crested titmouse,https://upload.wikimedia.org/wikipedia/commons/thumb/7/78/Black-crested_Titmouse.jpg/330px-Black-crested_Titmouse.jpg
Black-crowned night heron,https://upload.wikimedia.org/wikipedia/commons/thumb/a/a1/Nycticorax_nycticorax_457953189.jpg/330px-Nycticorax_nycticorax_457953189.jpg
Black-crowned tchagra,https://upload.wikimedia.org/wikipedia/commons/thumb/6/6c/Black-crowned_Tchagra%2C_Tchagra_senegala.jpg/330px-Black-crowned_Tchagra%2C_Tchagra_senegala.jpg
Black-eared wheatear,https://upload.wikimedia.org/wikipedia/commons/thumb/4/42/Oenanthe_hispanica%2C_El_Achir%2C_Algeria_1.jpg/330px-Oenanthe_hispanica%2C_El_Achir%2C_Algeria_1.jpg
Black-footed albatross,https://upload.wikimedia.org/wikipedia/commons/thumb/1/18/Black_footed_albatross1.jpg/330px-Black_footed_albatross1.jpg
Black-headed bunting,https://upload.wikimedia.org/wikipedia/commons/thumb/d/df/28-090504-black-headed-bunting-at-first-layby.jpg/330px-28-090504-black-headed-bunting-at-first-layby.jpg
Black-headed grosbeak,https://upload.wikimedia.org/wikipedia/commons/thumb/0/01/Pheucticus_melanocephalus_-California%2C_USA-8.jpg/330px-Pheucticus_melanocephalus_-California%2C_USA-8.jpg
Black-headed gull,https://upload.wikimedia.org/wikipedia/commons/thumb/2/29/Chroicocephalus_ridibundus_%28summer%29.jpg/330px-Chroicocephalus_ridibundus_%28summer%29.jpg
Black-legged kittiwake,https://upload.wikimedia.org/wikipedia/commons/thumb/0/03/Rissa_tridactyla_%28Vard%C3%B8%2C_2012%29.jpg/330px-Rissa_tridactyla_%28Vard%C3%B8%2C_2012%29.jpg
Black-necked stilt,https://upload.wikimedia.org/wikipedia/commons/thumb/3/37/Black-necked_Stilt_%28Himantopus_mexicanus%29%2C_Corte_Madera.jpg/330px-Black-necked_Stilt_%28Himantopus_mexicanus%29%2C_Corte_Madera.jpg
Black-shouldered kite,https://upload.wikimedia.org/wikipedia/commons/thumb/8/88/Elanus_axillaris_-Royal_Botanic_Gardens%2C_Cranbourne%2C_Melbourne%2C_Victoria%2C_Australia-8.jpg/330px-Elanus_axillaris_-Royal_Botanic_Gardens%2C_Cranbourne%2C_Melbourne%2C_Victoria%2C_Australia-8.jpg
Black-tailed gnatcatcher,https://upload.wikimedia.org/wikipedia/commons/thumb/9/9e/Black-tailed_Gnatcatcher_%28Polioptila_melanura%29_%2816875128691%29.jpg/330px-Black-tailed_Gnatcatcher_%28Polioptila_melanura%29_%2816875128691%29.jpg
Black-tailed godwit,https://upload.wikimedia.org/wikipedia/commons/thumb/4/40/Black-tailed_Godwit_Uferschnepfe.jpg/330px-Black-tailed_Godwit_Uferschnepfe.jpg
Black-throated blue warbler,https://upload.wikimedia.org/wikipedia/commons/thumb/9/94/Black-throated_blue_warblers_%287140435321%29.jpg/330px-Black-throated_blue_warblers_%287140435321%29.jpg
Black-throated gray warbler,https://upload.wikimedia.org/wikipedia/commons/thumb/f/fb/Black-throated_Gray_Warbler%2C_Anza-Borrego_Desert_State_Park%2C_California.jpg/330px-Black-throated_Gray_Warbler%2C_Anza-Borrego_Desert_State_Park%2C_California.jpg
Black-throated green warbler,https://upload.wikimedia.org/wikipedia/commons/thumb/1/13/Black-throated_green_warbler_in_PP_%2814050%29.jpg/330px-Black-throated_green_warbler_in_PP_%2814050%29.jpg
Black-throated sparrow,https://upload.wikimedia.org/wikipedia/commons/thumb/f/f7/Amphispiza_bilineata.jpg/330px-Amphispiza_bilineata.jpg
Black-whiskered vireo,https://upload.wikimedia.org/wikipedia/commons/thumb/2/20/Black-whiskered_Vireo.jpg/330px-Black-whiskered_Vireo.jpg
Black-winged pratincole,https://upload.wikimedia.org/wikipedia/commons/thumb/a/a9/Tyrkyshka.jpg/330px-Tyrkyshka.jpg
Black-winged stilt,https://upload.wikimedia.org/wikipedia/commons/thumb/1/16/Black-winged_stilt_%28Himantopus_himantopus%29_Pearaing.jpg/330px-Black-winged_stilt_%28Himantopus_himantopus%29_Pearaing.jpg
Blackburnian warbler,https://upload.wikimedia.org/wikipedia/commons/thumb/6/69/Blackburnian_warbler_%28Setophaga_fusca%29_male_San_Isidro.jpg/330px-Blackburnian_warbler_%28Setophaga_fusca%29_male_San_Isidro.jpg
Blackpoll warbler,https://upload.wikimedia.org/wikipedia/commons/thumb/4/46/Dendroica_striata_MN.jpg/330px-Dendroica_striata_MN.jpg
Blue grosbeak,https://upload.wikimedia.org/wikipedia/commons/thumb/b/b9/Blue_Grosbeak_by_Dan_Pancamo.jpg/330px-Blue_Grosbeak_by_Dan_Pancamo.jpg
Blue jay,https://upload.wikimedia.org/wikipedia/commons/thumb/f/f4/Blue_jay_in_PP_%2830960%29.jpg/330px-Blue_jay_in_PP_%2830960%29.jpg
Blue rock thrush,https://upload.wikimedia.org/wikipedia/commons/thumb/4/4d/Monticola_solitarius%2C_Spain_1.jpg/330px-Monticola_solitarius%2C_Spain_1.jpg
Blue-cheeked bee-eater,https://upload.wikimedia.org/wikipedia/commons/thumb/0/01/Blue-cheeked_bee-eater_%28Merops_persicus_persicus%29_Namibia.jpg/330px-Blue-cheeked_bee-eater_%28Merops_persicus_persicus%29_Namibia.jpg
Blue-gray gnatcatcher,https://upload.wikimedia.org/wikipedia/commons/thumb/1/11/Blue-gray_gnatcatcher_in_PP_%2872317%29.jpg/330px-Blue-gray_gnatcatcher_in_PP_%2872317%29.jpg
Blue-headed vireo,https://upload.wikimedia.org/wikipedia/commons/thumb/b/b5/Blue-headed_Vireo_%288088895251%29.jpg/330px-Blue-headed_Vireo_%288088895251%29.jpg
Blue-throated mountaingem,https://upload.wikimedia.org/wikipedia/commons/thumb/3/37/Lampornis_clemenciae.jpg/330px-Lampornis_clemenciae.jpg
Blue-winged teal,https://upload.wikimedia.org/wikipedia/commons/thumb/6/65/Blue-Winged_Teal.jpg/330px-Blue-Winged_Teal.jpg
Blue-winged warbler,https://upload.wikimedia.org/wikipedia/commons/thumb/1/13/Vermivora_cyanoptera_-North_Berwick%2C_Maine%2C_USA-8.jpg/330px-Vermivora_cyanoptera_-North_Berwick%2C_Maine%2C_USA-8.jpg
Bluethroat,https://upload.wikimedia.org/wikipedia/commons/thumb/e/e8/Bluethroat_%28Luscinia_svecica_svecica%29_male_Oppdal.jpg/330px-Bluethroat_%28Luscinia_svecica_svecica%29_male_Oppdal.jpg
Blyth's reed warbler,https://upload.wikimedia.org/wikipedia/commons/thumb/f/fc/Blyth%27s_Reed_Warbler_in_Baruipur_December_2024_by_Tisha_Mukherjee_02.jpg/330px-Blyth%27s_Reed_Warbler_in_Baruipur_December_2024_by_Tisha_Mukherjee_02.jpg
Boat-tailed grackle,https://upload.wikimedia.org/wikipedia/commons/thumb/7/74/Boat_Tailed_Grackle_Male_JG.jpg/330px-Boat_Tailed_Grackle_Male_JG.jpg
Bobolink,https://upload.wikimedia.org/wikipedia/commons/thumb/2/28/20250702_adult_male_bobolink_glastonbury_meadows_squre_PD206841.jpg/330px-20250702_adult_male_bobolink_glastonbury_meadows_squre_PD206841.jpg
Bohemian waxwing,https://upload.wikimedia.org/wikipedia/commons/thumb/1/16/Bombycilla_garrulus%2C_Novosibirsk_1.jpg/330px-Bombycilla_garrulus%2C_Novosibirsk_1.jpg
Bonaparte's gull,https://upload.wikimedia.org/wikipedia/commons/thumb/5/58/Bonaparte%27s_Gull_in_breeding_plumage_-_52016973462.jpg/330px-Bonaparte%27s_Gull_in_breeding_plumage_-_52016973462.jpg
Booted eagle,https://upload.wikimedia.org/wikipedia/commons/thumb/4/49/Booted_eagle_%28India%2C_2012%29.jpg/330px-Booted_eagle_%28India%2C_2012%29.jpg
Booted warbler,https://upload.wikimedia.org/wikipedia/commons/thumb/4/40/Booted_Warbler_-_Kazakistan_S4E0786_%2817330623545%29.jpg/330px-Booted_Warbler_-_Kazakistan_S4E0786_%2817330623545%29.jpg
Boreal chickadee,https://upload.wikimedia.org/wikipedia/commons/thumb/a/ad/Poecile_hudsonicus_7.jpg/330px-Poecile_hudsonicus_7.jpg
Boreal owl,https://upload.wikimedia.org/wikipedia/commons/thumb/0/05/P%C3%A4rluggla%2C_Varberg%2C_Hallands_L%C3%A4n%2C_Sverige.jpg/330px-P%C3%A4rluggla%2C_Varberg%2C_Hallands_L%C3%A4n%2C_Sverige.jpg
Botteri's sparrow,https://upload.wikimedia.org/wikipedia/commons/thumb/6/6f/867_-_BOTTERI%27S_SPARROW_%281-22-14%29_survey_bird_L%2C_lado_de_loma%2C_lake_patagonia_ranch_estates%2C_scc%2C_az_-01_%2812092103435%29.jpg/330px-867_-_BOTTERI%27S_SPARROW_%281-22-14%29_survey_bird_L%2C_lado_de_loma%2C_lake_patagonia_ranch_estates%2C_scc%2C_az_-01_%2812092103435%29.jpg
Brambling,https://upload.wikimedia.org/wikipedia/commons/thumb/9/98/Pinson_du_nord.jpg/330px-Pinson_du_nord.jpg
Brant (goose),https://upload.wikimedia.org/wikipedia/commons/thumb/8/8a/The_geese_of_Europe_and_Asia_%28Branta_bernicla_bernicla%29.jpg/330px-The_geese_of_Europe_and_Asia_%28Branta_bernicla_bernicla%29.jpg
Brewer's blackbird,https://upload.wikimedia.org/wikipedia/commons/thumb/3/33/Brewers_Blackbird_Esquimalt_Lagoon.jpg/330px-Brewers_Blackbird_Esquimalt_Lagoon.jpg
Brewer's sparrow,https://upload.wikimedia.org/wikipedia/commons/thumb/c/c1/Brewer%27s_sparrow_%28Spizella_breweri%29_foraging_in_front_of_an_American_Tarwort_%28Flourensia_cernua%29_in_Picacho_Hills%2C_Las_Cruces%2C_New_Mexico%2C_USA.jpg/330px-Brewer%27s_sparrow_%28Spizella_breweri%29_foraging_in_front_of_an_American_Tarwort_%28Flourensia_cernua%29_in_Picacho_Hills%2C_Las_Cruces%2C_New_Mexico%2C_USA.jpg
Bridled titmouse,https://upload.wikimedia.org/wikipedia/commons/thumb/8/8c/Bridled_Titmouse_%28Baeolophus_wollweberi%29_%2816875140301%29.jpg/330px-Bridled_Titmouse_%28Baeolophus_wollweberi%29_%2816875140301%29.jpg
Broad-billed hummingbird,https://upload.wikimedia.org/wikipedia/commons/thumb/8/8c/Broad-billed_Hummingbird_%2833927224241%29.jpg/330px-Broad-billed_Hummingbird_%2833927224241%29.jpg
Broad-billed sandpiper,https://upload.wikimedia.org/wikipedia/commons/thumb/f/fb/Broad_billed_sandpiper_by_Sreedev_Puthur.jpg/330px-Broad_billed_sandpiper_by_Sreedev_Puthur.jpg
Broad-tailed hummingbird,https://upload.wikimedia.org/wikipedia/commons/thumb/d/d3/Male_Broad-tailed_Hummingbird_1.jpg/330px-Male_Broad-tailed_Hummingbird_1.jpg
Broad-winged hawk,https://upload.wikimedia.org/wikipedia/commons/thumb/9/99/Julie_Waters_broad_winged_hawk.JPG/330px-Julie_Waters_broad_winged_hawk.JPG
Brown creeper,https://upload.wikimedia.org/wikipedia/commons/thumb/9/9a/Brown_creeper_at_a_banding_station_%2890455%29.jpg/330px-Brown_creeper_at_a_banding_station_%2890455%29.jpg
Brown fish owl,https://upload.wikimedia.org/wikipedia/commons/thumb/f/f0/Brown_fishing_owl.jpg/330px-Brown_fishing_owl.jpg
Brown jay,https://upload.wikimedia.org/wikipedia/commons/thumb/0/0e/Cyanocorax_morio_%28Brown_jay%29.JPG/330px-Cyanocorax_morio_%28Brown_jay%29.JPG
Brown pelican,https://upload.wikimedia.org/wikipedia/commons/thumb/0/06/Brown_pelican_in_flight_%28Bodega_Bay%29.jpg/330px-Brown_pelican_in_flight_%28Bodega_Bay%29.jpg
Brown thrasher,https://upload.wikimedia.org/wikipedia/commons/thumb/f/fb/Brown_thrasher_in_CP_%2802147%29.jpg/330px-Brown_thrasher_in_CP_%2802147%29.jpg
Brown-capped rosy finch,https://upload.wikimedia.org/wikipedia/commons/thumb/5/53/Brown-capped_rosy_finch.jpg/330px-Brown-capped_rosy_finch.jpg
Brown-crested flycatcher,https://upload.wikimedia.org/wikipedia/commons/thumb/d/dc/Myiarchus_tyrannulus_1.jpg/330px-Myiarchus_tyrannulus_1.jpg
Brown-headed cowbird,https://upload.wikimedia.org/wikipedia/commons/thumb/c/c5/Brown-headed_cowbird_male_%2871126%29.jpg/330px-Brown-headed_cowbird_male_%2871126%29.jpg
Brown-headed nuthatch,https://upload.wikimedia.org/wikipedia/commons/thumb/d/d8/BrownHeadedNuthatch.jpg/330px-BrownHeadedNuthatch.jpg
Brown-necked raven,https://upload.wikimedia.org/wikipedia/commons/thumb/8/85/Corbeau_brun_Jbil_%28cropped%29.jpg/330px-Corbeau_brun_Jbil_%28cropped%29.jpg
Buff-bellied hummingbird,https://upload.wikimedia.org/wikipedia/commons/thumb/9/9c/Buff-bellied_Hummingbird-Sabal_Palm_Bird_Sanctuary-TX_-_2015-05-21at11-43-412_%2821421266100%29.jpg/330px-Buff-bellied_Hummingbird-Sabal_Palm_Bird_Sanctuary-TX_-_2015-05-21at11-43-412_%2821421266100%29.jpg
Buff-breasted flycatcher,https://upload.wikimedia.org/wikipedia/commons/thumb/6/65/Empidonax_fulvifrons.jpg/330px-Empidonax_fulvifrons.jpg
Bufflehead,https://upload.wikimedia.org/wikipedia/commons/thumb/b/bf/Bucephala-albeola-010.jpg/330px-Bucephala-albeola-010.jpg
Bullock's oriole,https://upload.wikimedia.org/wikipedia/commons/thumb/8/83/Bullock%27s_Oriole.jpg/330px-Bullock%27s_Oriole.jpg
Burrowing owl,https://upload.wikimedia.org/wikipedia/commons/thumb/b/be/Southern_burrowing_owl_%28Athene_cunicularia_cunicularia%29_Colonia.jpg/330px-Southern_burrowing_owl_%28Athene_cunicularia_cunicularia%29_Colonia.jpg
American bushtit,https://upload.wikimedia.org/wikipedia/commons/thumb/d/d7/BushtitMale.jpg/330px-BushtitMale.jpg
Cackling goose,https://upload.wikimedia.org/wikipedia/commons/thumb/4/48/20260426_cackling_goose_ford_lake_PD07933.jpg/330px-20260426_cackling_goose_ford_lake_PD07933.jpg
Cactus wren,https://upload.wikimedia.org/wikipedia/commons/thumb/a/a3/Cactus_Wren_Sandia_Mountains.jpg/330px-Cactus_Wren_Sandia_Mountains.jpg
Calandra lark,https://upload.wikimedia.org/wikipedia/commons/thumb/3/3a/Kalanderleeuwerik_-_calandra_lark_-_Melanocorypha_calandra.jpg/330px-Kalanderleeuwerik_-_calandra_lark_-_Melanocorypha_calandra.jpg
California gnatcatcher,https://upload.wikimedia.org/wikipedia/commons/thumb/6/6f/California_Gnatcatcher.jpg/330px-California_Gnatcatcher.jpg
California gull,https://upload.wikimedia.org/wikipedia/commons/thumb/6/64/CaliforniaGull.jpg/330px-CaliforniaGull.jpg
California quail,https://upload.wikimedia.org/wikipedia/commons/thumb/f/f3/California_quail_%28Callipepla_californica%29_male_Tricao.jpg/330px-California_quail_%28Callipepla_californica%29_male_Tricao.jpg
California scrub jay,https://upload.wikimedia.org/wikipedia/commons/thumb/c/c8/California_Scrub_Jay%2C_Richmond%2C_Contra_Costa%2C_California_%2830644196597%29.jpg/330px-California_Scrub_Jay%2C_Richmond%2C_Contra_Costa%2C_California_%2830644196597%29.jpg
California thrasher,https://upload.wikimedia.org/wikipedia/commons/thumb/2/24/Toxostoma_redivivum_-Morro_Bay%2C_California%2C_USA-8.jpg/330px-Toxostoma_redivivum_-Morro_Bay%2C_California%2C_USA-8.jpg
California towhee,https://upload.wikimedia.org/wikipedia/commons/thumb/c/cc/Melozone_crissalis_103257560.jpg/330px-Melozone_crissalis_103257560.jpg
Calliope hummingbird,https://upload.wikimedia.org/wikipedia/commons/thumb/a/a6/Calliope_Hummingbird_by_Dan_Pancamo.jpg/330px-Calliope_Hummingbird_by_Dan_Pancamo.jpg
Canada goose,https://upload.wikimedia.org/wikipedia/commons/thumb/4/40/Canada_goose.jpg/330px-Canada_goose.jpg
Canada jay,https://upload.wikimedia.org/wikipedia/commons/thumb/b/bf/Perisoreus_canadensis_mercier2.jpg/330px-Perisoreus_canadensis_mercier2.jpg
Canada warbler,https://upload.wikimedia.org/wikipedia/commons/thumb/f/f1/Canada_warbler_%28Cardellina_canadensis%29_male_San_Isidro.jpg/330px-Canada_warbler_%28Cardellina_canadensis%29_male_San_Isidro.jpg
Canyon towhee,https://upload.wikimedia.org/wikipedia/commons/thumb/6/6e/Canyon_Towhee_Sandia_Mountains.jpg/330px-Canyon_Towhee_Sandia_Mountains.jpg
Canyon wren,https://upload.wikimedia.org/wikipedia/commons/thumb/5/55/Canyon_Wren.jpg/330px-Canyon_Wren.jpg
Cape May warbler,https://upload.wikimedia.org/wikipedia/commons/thumb/5/5d/Setophaga_tigrina_Male.jpg/330px-Setophaga_tigrina_Male.jpg
Carolina chickadee,https://upload.wikimedia.org/wikipedia/commons/thumb/5/56/Carolina_Chickadee1_by_Dan_Pancamo.jpg/330px-Carolina_Chickadee1_by_Dan_Pancamo.jpg
Carolina wren,https://upload.wikimedia.org/wikipedia/commons/thumb/d/d3/Carolina_wren_%2814391%29.jpg/330px-Carolina_wren_%2814391%29.jpg
Carrion crow,https://upload.wikimedia.org/wikipedia/commons/thumb/9/9d/Carrion_crow_2022_04_05_05_02.jpg/330px-Carrion_crow_2022_04_05_05_02.jpg
Caspian gull,https://upload.wikimedia.org/wikipedia/commons/thumb/b/bf/Caspian_gull_%28Larus_cachinnans%29_summer_Danube_delta.jpg/330px-Caspian_gull_%28Larus_cachinnans%29_summer_Danube_delta.jpg
Caspian tern,https://upload.wikimedia.org/wikipedia/commons/thumb/7/72/Sterna-caspia-010.jpg/330px-Sterna-caspia-010.jpg
Cassia crossbill,https://upload.wikimedia.org/wikipedia/commons/thumb/5/5f/965.5_-_CASSIA_CROSSBILL_%286-30-2018%29_trail_n-w_from_upper_penstamon_c_g%2C_cassia_co%2C_id_-17_male_%26_juv_%2843245983821%29.jpg/330px-965.5_-_CASSIA_CROSSBILL_%286-30-2018%29_trail_n-w_from_upper_penstamon_c_g%2C_cassia_co%2C_id_-17_male_%26_juv_%2843245983821%29.jpg
Cassin's finch,https://upload.wikimedia.org/wikipedia/commons/thumb/2/28/Cassin%27s_Finch_%28male%29.jpg/330px-Cassin%27s_Finch_%28male%29.jpg
Cassin's kingbird,https://upload.wikimedia.org/wikipedia/commons/thumb/7/76/Tyrannus_vociferans_163482312_%28cropped%29.jpg/330px-Tyrannus_vociferans_163482312_%28cropped%29.jpg
Cassin's sparrow,https://upload.wikimedia.org/wikipedia/commons/thumb/0/0c/Cassin%27s_Sparrow%2C_Peucaea_cassinii.jpg/330px-Cassin%27s_Sparrow%2C_Peucaea_cassinii.jpg
Cassin's vireo,https://upload.wikimedia.org/wikipedia/commons/thumb/2/20/Cassin%27s_Vireo_Las_Cruces.jpg/330px-Cassin%27s_Vireo_Las_Cruces.jpg
Western cattle egret,https://upload.wikimedia.org/wikipedia/commons/thumb/2/25/Kuhreiher_am_Strand_in_%C3%84gypten_9528BE.jpg/330px-Kuhreiher_am_Strand_in_%C3%84gypten_9528BE.jpg
Cave swallow,https://upload.wikimedia.org/wikipedia/commons/thumb/4/4c/Petrochelidon_fulva.jpg/330px-Petrochelidon_fulva.jpg
Cedar waxwing,https://upload.wikimedia.org/wikipedia/commons/thumb/7/73/Cedar_Waxwing_-_Bombycilla_cedrorum%2C_George_Washington%27s_Birthplace_National_Monument%2C_Colonial_Beach%2C_Virginia_%2839997434862%29.jpg/330px-Cedar_Waxwing_-_Bombycilla_cedrorum%2C_George_Washington%27s_Birthplace_National_Monument%2C_Colonial_Beach%2C_Virginia_%2839997434862%29.jpg
Cerulean warbler,https://upload.wikimedia.org/wikipedia/commons/thumb/c/cb/Cerulean_Warbler%2C_Rondeau_Provincial_Park%2C_Ontario%2C_Canada.jpg/330px-Cerulean_Warbler%2C_Rondeau_Provincial_Park%2C_Ontario%2C_Canada.jpg
Cetti's warbler,https://upload.wikimedia.org/wikipedia/commons/thumb/7/73/37-090505-cettis-warbler-at-Kalloni-east-river.jpg/330px-37-090505-cettis-warbler-at-Kalloni-east-river.jpg
Chestnut-backed chickadee,https://upload.wikimedia.org/wikipedia/commons/thumb/9/94/Chestnut-backed_Chickadee_2154ab_%28cropped%29.jpg/330px-Chestnut-backed_Chickadee_2154ab_%28cropped%29.jpg
Chestnut-bellied sandgrouse,https://upload.wikimedia.org/wikipedia/commons/thumb/e/ed/Chestnut-bellied_Sandgrouse_in_Bhigwan_August_2025_by_Tisha_Mukherjee_02.jpg/330px-Chestnut-bellied_Sandgrouse_in_Bhigwan_August_2025_by_Tisha_Mukherjee_02.jpg
Chestnut-collared longspur,https://upload.wikimedia.org/wikipedia/commons/thumb/0/0c/Chestnut-collared_longspur_male_%2816381245751%29_%28cropped%29.jpg/330px-Chestnut-collared_longspur_male_%2816381245751%29_%28cropped%29.jpg
Chestnut-sided warbler,https://upload.wikimedia.org/wikipedia/commons/thumb/9/95/Dendroica-pensylvanica-003.jpg/330px-Dendroica-pensylvanica-003.jpg
Chihuahuan raven,https://upload.wikimedia.org/wikipedia/commons/thumb/1/16/Corvus_cryptoleucus_Arizona_2.jpg/330px-Corvus_cryptoleucus_Arizona_2.jpg
Chimney swift,https://upload.wikimedia.org/wikipedia/commons/thumb/6/6f/Chaetura_pelagica%2C_by_Lake_Erie%2C_Cleveland%2C_Ohio%2C_USA_339593191.jpg/330px-Chaetura_pelagica%2C_by_Lake_Erie%2C_Cleveland%2C_Ohio%2C_USA_339593191.jpg
Chipping sparrow,https://upload.wikimedia.org/wikipedia/commons/thumb/2/29/Spizella-passerina-015_edit.jpg/330px-Spizella-passerina-015_edit.jpg
Chuck-will's-widow,https://upload.wikimedia.org/wikipedia/commons/thumb/c/cd/Chuck-wills-widow_RWD7.jpg/330px-Chuck-wills-widow_RWD7.jpg
Chukar partridge,https://upload.wikimedia.org/wikipedia/commons/thumb/b/b2/Chukarhuhn_Weltvogelpark_Walsrode_2010.jpg/330px-Chukarhuhn_Weltvogelpark_Walsrode_2010.jpg
Cinereous bunting,https://upload.wikimedia.org/wikipedia/commons/thumb/8/80/Cinereous_Bunting_%28Emberiza_cineracea%29%2C_Lesvos%2C_Greece%2C_17.04.2015_%2817284201896%29_%28cropped%29.jpg/330px-Cinereous_Bunting_%28Emberiza_cineracea%29%2C_Lesvos%2C_Greece%2C_17.04.2015_%2817284201896%29_%28cropped%29.jpg
Cirl bunting,https://upload.wikimedia.org/wikipedia/commons/thumb/8/88/Cirl_bunting_cropped.jpg/330px-Cirl_bunting_cropped.jpg
Citril finch,https://upload.wikimedia.org/wikipedia/commons/thumb/c/cf/Carduelis_citrinella.jpg/330px-Carduelis_citrinella.jpg
Citrine wagtail,https://upload.wikimedia.org/wikipedia/commons/thumb/9/99/Citrine_Wagtail_%28Motacilla_citreola%29_%2814343964296%29.jpg/330px-Citrine_Wagtail_%28Motacilla_citreola%29_%2814343964296%29.jpg
Clapper rail,https://upload.wikimedia.org/wikipedia/commons/thumb/2/2e/ClapperRailStGeorgeIsland.jpg/330px-ClapperRailStGeorgeIsland.jpg
Clark's nutcracker,https://upload.wikimedia.org/wikipedia/commons/thumb/e/ee/ClarksNutcracker.jpg/330px-ClarksNutcracker.jpg
Clay-colored sparrow,https://upload.wikimedia.org/wikipedia/commons/thumb/e/eb/Spizella_pallida4_edit.jpg/330px-Spizella_pallida4_edit.jpg
Clay-colored thrush,https://upload.wikimedia.org/wikipedia/commons/thumb/8/82/Clay-coloured_thrush_%28Turdus_grayi_casius%29_2.jpg/330px-Clay-coloured_thrush_%28Turdus_grayi_casius%29_2.jpg
American cliff swallow,https://upload.wikimedia.org/wikipedia/commons/thumb/3/34/Petrochelidon_pyrrhonota_-flight_-Palo_Alto_Baylands-8.jpg/330px-Petrochelidon_pyrrhonota_-flight_-Palo_Alto_Baylands-8.jpg
Coal tit,https://upload.wikimedia.org/wikipedia/commons/thumb/e/ee/Coal_Tit_2026_03_23.jpg/330px-Coal_Tit_2026_03_23.jpg
Collared flycatcher,https://upload.wikimedia.org/wikipedia/commons/thumb/0/00/Collared_flycatcher_%28Ficedula_albicollis%29.jpg/330px-Collared_flycatcher_%28Ficedula_albicollis%29.jpg
Collared pratincole,https://upload.wikimedia.org/wikipedia/commons/thumb/9/94/Glareola_pratincola_on_ground.jpg/330px-Glareola_pratincola_on_ground.jpg
Common black hawk,https://upload.wikimedia.org/wikipedia/commons/thumb/f/fe/Buteogallus_anthracinus_subtilis.jpg/330px-Buteogallus_anthracinus_subtilis.jpg
Common bulbul,https://upload.wikimedia.org/wikipedia/commons/thumb/c/c9/Common_bulbul_%28Pycnonotus_barbatus_barbatus%29.jpg/330px-Common_bulbul_%28Pycnonotus_barbatus_barbatus%29.jpg
Common buzzard,https://upload.wikimedia.org/wikipedia/commons/thumb/4/47/Common_Buzzard_by_caroline_legg_%28cropped%29.jpg/330px-Common_Buzzard_by_caroline_legg_%28cropped%29.jpg
Common chaffinch,https://upload.wikimedia.org/wikipedia/commons/thumb/a/a0/Male_Chaffinch_-_Fringilla_coelebs.jpg/330px-Male_Chaffinch_-_Fringilla_coelebs.jpg
Common chiffchaff,https://upload.wikimedia.org/wikipedia/commons/thumb/8/85/Common_Chiffchaff_2025_04_04_01.jpg/330px-Common_Chiffchaff_2025_04_04_01.jpg
Common crane,https://upload.wikimedia.org/wikipedia/commons/thumb/f/fd/Common_crane_grus_grus.jpg/330px-Common_crane_grus_grus.jpg
Common cuckoo,https://upload.wikimedia.org/wikipedia/commons/thumb/b/b9/Cuckoo_%2851169010335%29.jpg/330px-Cuckoo_%2851169010335%29.jpg
Common eider,https://upload.wikimedia.org/wikipedia/commons/thumb/1/15/%D0%9F%D1%83%D1%85%D1%96%D0%B2%D0%BA%D0%B0_%D0%BD%D0%B0_%D0%9A%D1%96%D0%BD%D0%B1%D1%83%D1%80%D0%BD%D1%81%D1%8C%D0%BA%D1%96%D0%B9_%D0%BA%D0%BE%D1%81%D1%96.jpg/330px-%D0%9F%D1%83%D1%85%D1%96%D0%B2%D0%BA%D0%B0_%D0%BD%D0%B0_%D0%9A%D1%96%D0%BD%D0%B1%D1%83%D1%80%D0%BD%D1%81%D1%8C%D0%BA%D1%96%D0%B9_%D0%BA%D0%BE%D1%81%D1%96.jpg
Common firecrest,https://upload.wikimedia.org/wikipedia/commons/thumb/b/b9/Common_firecrest_Franconville_03.jpg/330px-Common_firecrest_Franconville_03.jpg
Common gallinule,https://upload.wikimedia.org/wikipedia/commons/thumb/2/20/Common-gallinule-galapagos-casey-klebba.jpg/330px-Common-gallinule-galapagos-casey-klebba.jpg
Common goldeneye,https://upload.wikimedia.org/wikipedia/commons/thumb/3/34/Common_Goldeneye_%28Bucephala_clangula%29.jpg/330px-Common_Goldeneye_%28Bucephala_clangula%29.jpg
Common grackle,https://upload.wikimedia.org/wikipedia/commons/thumb/6/6f/Common_grackle_in_PP_%2836732%29.jpg/330px-Common_grackle_in_PP_%2836732%29.jpg
Common grasshopper warbler,https://upload.wikimedia.org/wikipedia/commons/thumb/c/c3/Grashoppsangare-070512.jpg/330px-Grashoppsangare-070512.jpg
Common greenshank,https://upload.wikimedia.org/wikipedia/commons/thumb/c/c5/Common-Greenshank.jpg/330px-Common-Greenshank.jpg
Common ground dove,https://upload.wikimedia.org/wikipedia/commons/thumb/c/c1/CommonGroundDoveJG.jpg/330px-CommonGroundDoveJG.jpg
Common house martin,https://upload.wikimedia.org/wikipedia/commons/thumb/2/2e/Mehlschwalbe_Delichon_urbicum.jpg/330px-Mehlschwalbe_Delichon_urbicum.jpg
Common kingfisher,https://upload.wikimedia.org/wikipedia/commons/thumb/b/bc/Alcedo_atthis_-England-8_%28cropped%29.jpg/330px-Alcedo_atthis_-England-8_%28cropped%29.jpg
Common loon,https://upload.wikimedia.org/wikipedia/commons/thumb/b/b0/Gavia_immer_-Minocqua%2C_Wisconsin%2C_USA_-swimming-8.jpg/330px-Gavia_immer_-Minocqua%2C_Wisconsin%2C_USA_-swimming-8.jpg
Common merganser,https://upload.wikimedia.org/wikipedia/commons/thumb/9/9f/Mergus_merganser_merganser_2078_%285561922560%29.jpg/330px-Mergus_merganser_merganser_2078_%285561922560%29.jpg
Common murre,https://upload.wikimedia.org/wikipedia/commons/thumb/6/64/Common_Murre_Uria_aalge.jpg/330px-Common_Murre_Uria_aalge.jpg
Common myna,https://upload.wikimedia.org/wikipedia/commons/thumb/3/3c/Acridotheres_tristis00.jpg/330px-Acridotheres_tristis00.jpg
Common nighthawk,https://upload.wikimedia.org/wikipedia/commons/thumb/e/eb/Common_Nighthawk_%2814428313550%29.jpg/330px-Common_Nighthawk_%2814428313550%29.jpg
Common nightingale,https://upload.wikimedia.org/wikipedia/commons/thumb/f/f1/Luscinia_megarhynchos_-_Common_nightingale_-_Nachtegaal_%28cropped%29.jpg/330px-Luscinia_megarhynchos_-_Common_nightingale_-_Nachtegaal_%28cropped%29.jpg
Pauraque,https://upload.wikimedia.org/wikipedia/commons/thumb/5/53/Common_pauraque_%28Nyctidromus_albicollis_yucatanensis%29_Orange_Walk.jpg/330px-Common_pauraque_%28Nyctidromus_albicollis_yucatanensis%29_Orange_Walk.jpg
Common pochard,https://upload.wikimedia.org/wikipedia/commons/thumb/e/e5/Common_Pochard_2025_11_15_04.jpg/330px-Common_Pochard_2025_11_15_04.jpg
Common poorwill,https://upload.wikimedia.org/wikipedia/commons/thumb/2/28/Common_Poorwill.jpg/330px-Common_Poorwill.jpg
Common quail,https://upload.wikimedia.org/wikipedia/commons/thumb/4/4f/Coturnix_coturnix%2C_Fraunberg%2C_Bayern%2C_Deutschland_1%2C_Ausschnitt.jpg/330px-Coturnix_coturnix%2C_Fraunberg%2C_Bayern%2C_Deutschland_1%2C_Ausschnitt.jpg
Common raven,https://upload.wikimedia.org/wikipedia/commons/thumb/7/7c/Corvus_corax.jpg/330px-Corvus_corax.jpg
Common redpoll,https://upload.wikimedia.org/wikipedia/commons/thumb/f/f8/Carduelis_flammea_CT6.jpg/330px-Carduelis_flammea_CT6.jpg
Common redshank,https://upload.wikimedia.org/wikipedia/commons/thumb/e/e7/Common_redshank_%28Tringa_totanus%29_breeding_Marken.jpg/330px-Common_redshank_%28Tringa_totanus%29_breeding_Marken.jpg
Common redstart,https://upload.wikimedia.org/wikipedia/commons/thumb/c/cd/Phoenicurus_phoenicurus_08%28js%29%2C_Lodz_%28Poland%29.jpg/330px-Phoenicurus_phoenicurus_08%28js%29%2C_Lodz_%28Poland%29.jpg
Common ringed plover,https://upload.wikimedia.org/wikipedia/commons/thumb/d/d2/Common_ringed_plover_%28Charadrius_hiaticula%29_Oppdal.jpg/330px-Common_ringed_plover_%28Charadrius_hiaticula%29_Oppdal.jpg
Common rosefinch,https://upload.wikimedia.org/wikipedia/commons/thumb/1/19/Carpodacus_erythrinus_284921386.jpg/330px-Carpodacus_erythrinus_284921386.jpg
Common sandpiper,https://upload.wikimedia.org/wikipedia/commons/thumb/a/a7/Actitis_hypoleucos_-_Laem_Pak_Bia.jpg/330px-Actitis_hypoleucos_-_Laem_Pak_Bia.jpg
Common scoter,https://upload.wikimedia.org/wikipedia/commons/thumb/0/0b/M%C3%A4nnliche_Trauerente_%28Melanitta_nigra%29_-_Spiekeroog%2C_Nationalpark_Nieders%C3%A4chsisches_Wattenmeer.jpg/330px-M%C3%A4nnliche_Trauerente_%28Melanitta_nigra%29_-_Spiekeroog%2C_Nationalpark_Nieders%C3%A4chsisches_Wattenmeer.jpg
Common shelduck,https://upload.wikimedia.org/wikipedia/commons/thumb/8/84/Common_Shellduck_%28Tadorna_tadorna%29_%2826499348215%29.jpg/330px-Common_Shellduck_%28Tadorna_tadorna%29_%2826499348215%29.jpg
Common snipe,https://upload.wikimedia.org/wikipedia/commons/thumb/c/c6/Common_snipe_%28Gallinago_gallinago%29_2022.jpg/330px-Common_snipe_%28Gallinago_gallinago%29_2022.jpg
Common swift,https://upload.wikimedia.org/wikipedia/commons/thumb/d/d5/Common_Swift_2025_07_18_02_%28cropped%29.jpg/330px-Common_Swift_2025_07_18_02_%28cropped%29.jpg
Common tern,https://upload.wikimedia.org/wikipedia/commons/thumb/8/8e/2014-05-18_Sterna_hirundo%2C_Killingworth_Lake%2C_Northumberland_04.jpg/330px-2014-05-18_Sterna_hirundo%2C_Killingworth_Lake%2C_Northumberland_04.jpg
Common waxbill,https://upload.wikimedia.org/wikipedia/commons/thumb/3/36/Common_waxbill_%28Estrilda_astrild_jagoensis%29.jpg/330px-Common_waxbill_%28Estrilda_astrild_jagoensis%29.jpg
Common wood pigeon,https://upload.wikimedia.org/wikipedia/commons/thumb/3/33/Columba_palumbus_EM1B1397_%2827445478998%29.jpg/330px-Columba_palumbus_EM1B1397_%2827445478998%29.jpg
Common yellowthroat,https://upload.wikimedia.org/wikipedia/commons/thumb/9/91/Common_yellowthroat_in_PP_%2814155%29.jpg/330px-Common_yellowthroat_in_PP_%2814155%29.jpg
Connecticut warbler,https://upload.wikimedia.org/wikipedia/commons/thumb/5/5f/Oporornis_agilis_Youghiogheny_River_MD.jpg/330px-Oporornis_agilis_Youghiogheny_River_MD.jpg
Cooper's hawk,https://upload.wikimedia.org/wikipedia/commons/thumb/5/5a/Accipiter_cooperii_m_Sam_Smith_Toronto3.jpg/330px-Accipiter_cooperii_m_Sam_Smith_Toronto3.jpg
Cordilleran flycatcher,https://upload.wikimedia.org/wikipedia/commons/thumb/6/68/Empidonax_difficilis_1.jpg/330px-Empidonax_difficilis_1.jpg
Corn bunting,https://upload.wikimedia.org/wikipedia/commons/thumb/8/8d/Bruant_proyer_Ichkeul018.jpg/330px-Bruant_proyer_Ichkeul018.jpg
Corn crake,https://upload.wikimedia.org/wikipedia/commons/thumb/7/76/Ruisr%C3%A4%C3%A4kk%C3%A4.JPG/330px-Ruisr%C3%A4%C3%A4kk%C3%A4.JPG
Corsican finch,https://upload.wikimedia.org/wikipedia/commons/thumb/4/49/Corsican_finch_inaturalist.jpg/330px-Corsican_finch_inaturalist.jpg
Scopoli's shearwater,https://upload.wikimedia.org/wikipedia/commons/thumb/d/d2/Scopoli%27s_Shearwater.jpg/330px-Scopoli%27s_Shearwater.jpg
Costa's hummingbird,https://upload.wikimedia.org/wikipedia/commons/thumb/2/2a/Hummingbird.jpg/330px-Hummingbird.jpg
Couch's kingbird,https://upload.wikimedia.org/wikipedia/commons/thumb/5/5b/Tyrannus_couchii_112139785_%28cropped%29.jpg/330px-Tyrannus_couchii_112139785_%28cropped%29.jpg
Northern crested caracara,https://upload.wikimedia.org/wikipedia/commons/thumb/a/ad/Schopfkarakara.jpg/330px-Schopfkarakara.jpg
Crested lark,https://upload.wikimedia.org/wikipedia/commons/thumb/1/15/Cochevis_hupp%C3%A9_Gbollat.jpg/330px-Cochevis_hupp%C3%A9_Gbollat.jpg
European crested tit,https://upload.wikimedia.org/wikipedia/commons/thumb/d/dc/Lophophanes_cristatus_-_01.jpg/330px-Lophophanes_cristatus_-_01.jpg
Cretzschmar's bunting,https://upload.wikimedia.org/wikipedia/commons/thumb/b/b8/Emberiza_caesia.jpg/330px-Emberiza_caesia.jpg
Crissal thrasher,https://upload.wikimedia.org/wikipedia/commons/thumb/4/43/CrissalThrasher.jpg/330px-CrissalThrasher.jpg
Crowned sandgrouse,https://upload.wikimedia.org/wikipedia/commons/thumb/b/bb/Pterocles_coronatus.jpg/330px-Pterocles_coronatus.jpg
Curlew sandpiper,https://upload.wikimedia.org/wikipedia/commons/thumb/b/b4/Curlew_Sandpiper_%28Calidris_ferruginea%29_%2844855173205%29.jpg/330px-Curlew_Sandpiper_%28Calidris_ferruginea%29_%2844855173205%29.jpg
Curve-billed thrasher,https://upload.wikimedia.org/wikipedia/commons/thumb/f/f4/Curve-billed_thrasher_Sandia_Mountains.jpg/330px-Curve-billed_thrasher_Sandia_Mountains.jpg
Dark-eyed junco,https://upload.wikimedia.org/wikipedia/commons/thumb/5/55/Junco_hyemalis_hyemalis_CT1_%28cropped%29.jpg/330px-Junco_hyemalis_hyemalis_CT1_%28cropped%29.jpg
Dartford warbler,https://upload.wikimedia.org/wikipedia/commons/thumb/1/1d/Fauvette_pitchou_Ichkeul_NP.jpg/330px-Fauvette_pitchou_Ichkeul_NP.jpg
Dead Sea sparrow,https://upload.wikimedia.org/wikipedia/commons/thumb/7/70/Passer_moabiticus.jpg/330px-Passer_moabiticus.jpg
Demoiselle crane,https://upload.wikimedia.org/wikipedia/commons/thumb/c/c3/Demoiselle_Cranes_at_Tal_Chappar.jpg/330px-Demoiselle_Cranes_at_Tal_Chappar.jpg
Desert finch,https://upload.wikimedia.org/wikipedia/commons/thumb/6/6b/Rhodospiza_obsoleta_in_Iran.jpg/330px-Rhodospiza_obsoleta_in_Iran.jpg
Desert lark,https://upload.wikimedia.org/wikipedia/commons/thumb/9/97/Steinlerche.jpg/330px-Steinlerche.jpg
Desert sparrow,https://upload.wikimedia.org/wikipedia/commons/thumb/f/f9/Desert_Sparrow_-_Merzouga_-_Morocco_07_7156_%2822203842844%29.jpg/330px-Desert_Sparrow_-_Merzouga_-_Morocco_07_7156_%2822203842844%29.jpg
Desert wheatear,https://upload.wikimedia.org/wikipedia/commons/thumb/6/64/Desert_Wheatear_%28Oenanthe_deserti%29_Photograph_by_Shantanu_Kuveskar.jpg/330px-Desert_Wheatear_%28Oenanthe_deserti%29_Photograph_by_Shantanu_Kuveskar.jpg
Dickcissel,https://upload.wikimedia.org/wikipedia/commons/thumb/9/92/927_-_DICKCISSEL_%285-28-2018%29_rick_evans_prairie_w_m_a%2C_hemstead_co%2C_ar_-01_%283%29_%2842677954221%29.jpg/330px-927_-_DICKCISSEL_%285-28-2018%29_rick_evans_prairie_w_m_a%2C_hemstead_co%2C_ar_-01_%283%29_%2842677954221%29.jpg
Double-crested cormorant,https://upload.wikimedia.org/wikipedia/commons/thumb/f/fb/Phalacrocorax-auritus-007.jpg/330px-Phalacrocorax-auritus-007.jpg
Downy woodpecker,https://upload.wikimedia.org/wikipedia/commons/thumb/1/13/Dryobates_pubescens_UL_03.jpg/330px-Dryobates_pubescens_UL_03.jpg
Dunlin,https://upload.wikimedia.org/wikipedia/commons/thumb/d/d2/Dunlin_%28Calidris_alpina%29_non_breeding_Marken.jpg/330px-Dunlin_%28Calidris_alpina%29_non_breeding_Marken.jpg
Dunnock,https://upload.wikimedia.org/wikipedia/commons/thumb/4/4e/Dunnock_%28Prunella_modularis%29_3.jpg/330px-Dunnock_%28Prunella_modularis%29_3.jpg
Dupont's lark,https://upload.wikimedia.org/wikipedia/commons/thumb/b/b8/Chersophilus_duponti_5692972.jpg/330px-Chersophilus_duponti_5692972.jpg
American dusky flycatcher,https://upload.wikimedia.org/wikipedia/commons/thumb/f/fa/Dusky_Flycatcher_02.jpg/330px-Dusky_Flycatcher_02.jpg
Dusky grouse,https://upload.wikimedia.org/wikipedia/commons/thumb/4/4f/Dendragapus_obscurus_USNPS.jpg/330px-Dendragapus_obscurus_USNPS.jpg
Dusky warbler,https://upload.wikimedia.org/wikipedia/commons/thumb/b/b7/%E0%A6%97%E0%A6%BE%E0%A6%A2%E0%A6%BC%E0%A6%AC%E0%A6%BE%E0%A6%A6%E0%A6%BE%E0%A6%AE%E0%A6%BF_%E0%A6%AA%E0%A6%BE%E0%A6%A4%E0%A6%BE-%E0%A6%AB%E0%A7%81%E0%A6%9F%E0%A6%95%E0%A6%BF_%28Dusky_Warbler%29%2C_Phylloscopus_fuscatus_%E0%A6%B0%E0%A6%BE%E0%A6%9C%E0%A6%B6%E0%A6%BE%E0%A6%B9%E0%A7%80%E0%A6%B0_%E0%A6%AA%E0%A6%A6%E0%A7%8D%E0%A6%AE%E0%A6%BE_%E0%A6%A8%E0%A6%A6%E0%A7%80%E0%A6%B0_%E0%A6%9A%E0%A6%B0%2C_%E0%A6%B0%E0%A6%BE%E0%A6%9C%E0%A6%B6%E0%A6%BE%E0%A6%B9%E0%A7%80%2C_%E0%A6%AC%E0%A6%BE%E0%A6%82%E0%A6%B2%E0%A6%BE%E0%A6%A6%E0%A7%87%E0%A6%B6%E0%A5%A4.jpg/330px-thumbnail.jpg
Dusky-capped flycatcher,https://upload.wikimedia.org/wikipedia/commons/thumb/7/71/Dusky-capped_flycatcher_%28Myiarchus_tuberculifer_atriceps%29_San_Isidro.jpg/330px-Dusky-capped_flycatcher_%28Myiarchus_tuberculifer_atriceps%29_San_Isidro.jpg
Black-necked grebe,https://upload.wikimedia.org/wikipedia/commons/thumb/1/10/Black-necked_Grebe_Schwarzhalstaucher.jpg/330px-Black-necked_Grebe_Schwarzhalstaucher.jpg
Eastern bluebird,https://upload.wikimedia.org/wikipedia/commons/thumb/0/00/Sialia_sialis_-Michigan%2C_USA_-pair-8c.jpg/330px-Sialia_sialis_-Michigan%2C_USA_-pair-8c.jpg
Eastern Bonelli's warbler,https://upload.wikimedia.org/wikipedia/commons/thumb/c/cb/Eastern_Bonelli%27s_Warbler.jpg/330px-Eastern_Bonelli%27s_Warbler.jpg
Eastern kingbird,https://upload.wikimedia.org/wikipedia/commons/thumb/6/6e/Eastern_kingbird_on_the_hunt_%2856948%29.jpg/330px-Eastern_kingbird_on_the_hunt_%2856948%29.jpg
Eastern meadowlark,https://upload.wikimedia.org/wikipedia/commons/thumb/6/60/Eastern_meadowlark_%28Sturnella_magna_mexicana%29_Orange_Walk.jpg/330px-Eastern_meadowlark_%28Sturnella_magna_mexicana%29_Orange_Walk.jpg
Eastern olivaceous warbler,https://upload.wikimedia.org/wikipedia/commons/thumb/e/e7/Eastern_olivaceous_warbler_%28Iduna_pallida%29_by_Lior_Kislev.jpg/330px-Eastern_olivaceous_warbler_%28Iduna_pallida%29_by_Lior_Kislev.jpg
Eastern Orphean warbler,https://upload.wikimedia.org/wikipedia/commons/thumb/8/84/Curruca_crassirostris_91619419_%28cropped%29.jpg/330px-Curruca_crassirostris_91619419_%28cropped%29.jpg
Eastern phoebe,https://upload.wikimedia.org/wikipedia/commons/thumb/d/d0/Sayornis_phoebe_-Owen_Conservation_Park%2C_Madison%2C_Wisconsin%2C_USA-8.jpg/330px-Sayornis_phoebe_-Owen_Conservation_Park%2C_Madison%2C_Wisconsin%2C_USA-8.jpg
Eastern rock nuthatch,https://upload.wikimedia.org/wikipedia/commons/thumb/3/31/Eastern_Rock_Nuthatch_%28Sitta_tephronota_tephronota%29%2C_Kishlyk%2C_Uzbekistan_1.jpg/330px-Eastern_Rock_Nuthatch_%28Sitta_tephronota_tephronota%29%2C_Kishlyk%2C_Uzbekistan_1.jpg
Eastern screech owl,https://upload.wikimedia.org/wikipedia/commons/thumb/3/3d/Eastern_Screech_Owl.jpg/330px-Eastern_Screech_Owl.jpg
Eastern towhee,https://upload.wikimedia.org/wikipedia/commons/thumb/9/9b/20241004_eastern_towhee_pleasant_valley_PD207764.jpg/330px-20241004_eastern_towhee_pleasant_valley_PD207764.jpg
Eastern whip-poor-will,https://upload.wikimedia.org/wikipedia/commons/thumb/2/20/Caprimulgus_vociferusAAP065B.jpg/330px-Caprimulgus_vociferusAAP065B.jpg
Eastern wood pewee,https://upload.wikimedia.org/wikipedia/commons/thumb/6/63/Eastern_wood_pewee_%2871095%29.jpg/330px-Eastern_wood_pewee_%2871095%29.jpg
Eastern yellow wagtail,https://upload.wikimedia.org/wikipedia/commons/thumb/a/a4/Eastern_Yellow_Wagtail_%28Motacilla_tschutschensis_tschutschensis%29%2C_Kamchatka%2C_Russia_06.jpg/330px-Eastern_Yellow_Wagtail_%28Motacilla_tschutschensis_tschutschensis%29%2C_Kamchatka%2C_Russia_06.jpg
Egyptian goose,https://upload.wikimedia.org/wikipedia/commons/thumb/7/73/Egyptian_goose_%28Alopochen_aegyptiaca%29_London.jpg/330px-Egyptian_goose_%28Alopochen_aegyptiaca%29_London.jpg
Elegant tern,https://upload.wikimedia.org/wikipedia/commons/thumb/4/47/2022-04-16_Thalasseus_elegans%2C_Upper_Newport_Bay%2C_California_4.jpg/330px-2022-04-16_Thalasseus_elegans%2C_Upper_Newport_Bay%2C_California_4.jpg
Elegant trogon,https://upload.wikimedia.org/wikipedia/commons/thumb/4/46/Elegant_Trogon.jpg/330px-Elegant_Trogon.jpg
Eleonora's falcon,https://upload.wikimedia.org/wikipedia/commons/thumb/d/d8/Eleonora%27s_falcon_%28Falco_eleonorae%29_in_flight_3.jpg/330px-Eleonora%27s_falcon_%28Falco_eleonorae%29_in_flight_3.jpg
Elf owl,https://upload.wikimedia.org/wikipedia/commons/thumb/d/dd/Micrathene_whitneyi_29APR12_Madera_Canyon_AZ.jpg/330px-Micrathene_whitneyi_29APR12_Madera_Canyon_AZ.jpg
Emperor goose,https://upload.wikimedia.org/wikipedia/commons/thumb/9/95/Emperor_goose_on_a_tundra_pond_%2853707932863%29.jpg/330px-Emperor_goose_on_a_tundra_pond_%2853707932863%29.jpg
Common blackbird,https://upload.wikimedia.org/wikipedia/commons/thumb/a/a9/Common_Blackbird.jpg/330px-Common_Blackbird.jpg
Eurasian blackcap,https://upload.wikimedia.org/wikipedia/commons/thumb/c/ca/Eurasian_blackcap_%28Sylvia_atricapilla%29_male_Drenthe.jpg/330px-Eurasian_blackcap_%28Sylvia_atricapilla%29_male_Drenthe.jpg
Eurasian blue tit,https://upload.wikimedia.org/wikipedia/commons/thumb/f/fd/Eurasian_blue_tit_%28Cyanistes_caeruleus_caeruleus%29_Biebrzanski.jpg/330px-Eurasian_blue_tit_%28Cyanistes_caeruleus_caeruleus%29_Biebrzanski.jpg
Eurasian bullfinch,https://upload.wikimedia.org/wikipedia/commons/thumb/d/de/Bullfinch_male.jpg/330px-Bullfinch_male.jpg
Eurasian collared dove,https://upload.wikimedia.org/wikipedia/commons/thumb/f/fa/2022-04-06_Streptopelia_decaocto%2C_Plovdiv%2C_Bulgaria_1.jpg/330px-2022-04-06_Streptopelia_decaocto%2C_Plovdiv%2C_Bulgaria_1.jpg
Eurasian coot,https://upload.wikimedia.org/wikipedia/commons/thumb/d/d9/Eurasian_Coot_2023_11_25_03.jpg/330px-Eurasian_Coot_2023_11_25_03.jpg
Eurasian crag martin,https://upload.wikimedia.org/wikipedia/commons/thumb/7/79/Eurasian_Crag-Martin_-_Estremadurai_1779_%2816772419967%29.jpg/330px-Eurasian_Crag-Martin_-_Estremadurai_1779_%2816772419967%29.jpg
Eurasian curlew,https://upload.wikimedia.org/wikipedia/commons/thumb/2/2c/Eurasian_Curlew.jpg/330px-Eurasian_Curlew.jpg
Eurasian dotterel,https://upload.wikimedia.org/wikipedia/commons/thumb/b/bb/Charadrius_morinellus_male.jpg/330px-Charadrius_morinellus_male.jpg
Eurasian eagle-owl,https://upload.wikimedia.org/wikipedia/commons/thumb/1/14/Bubo_bubo_3_%28Martin_Mecnarowski%29.jpg/330px-Bubo_bubo_3_%28Martin_Mecnarowski%29.jpg
Eurasian golden oriole,https://upload.wikimedia.org/wikipedia/commons/thumb/c/c4/Rigogolo_%28Oriolus_oriolus%29-Lazio%2C_isola_di_Ventotene_%28LT%29_17.4.2024.jpg/330px-Rigogolo_%28Oriolus_oriolus%29-Lazio%2C_isola_di_Ventotene_%28LT%29_17.4.2024.jpg
European green woodpecker,https://upload.wikimedia.org/wikipedia/commons/thumb/c/c5/European_green_woodpecker_%28Picus_viridis%29_female_Barnes.jpg/330px-European_green_woodpecker_%28Picus_viridis%29_female_Barnes.jpg
Griffon vulture,https://upload.wikimedia.org/wikipedia/commons/thumb/4/49/Gyps_fulvus_in_flight_-_Spain.jpg/330px-Gyps_fulvus_in_flight_-_Spain.jpg
Eurasian hobby,https://upload.wikimedia.org/wikipedia/commons/thumb/d/df/Eurasian_hobby_%28Falco_subbuteo%29_by_Shantanu_Kuveskar.jpg/330px-Eurasian_hobby_%28Falco_subbuteo%29_by_Shantanu_Kuveskar.jpg
Eurasian hoopoe,https://upload.wikimedia.org/wikipedia/commons/thumb/6/62/Israel._Eurasian_Hoopoe_%286497645007%29.jpg/330px-Israel._Eurasian_Hoopoe_%286497645007%29.jpg
Western jackdaw,https://upload.wikimedia.org/wikipedia/commons/thumb/8/8c/Nordic_jackdaw_%2852563242448%29.jpg/330px-Nordic_jackdaw_%2852563242448%29.jpg
Eurasian jay,https://upload.wikimedia.org/wikipedia/commons/thumb/6/6d/Garrulus_glandarius_1_Luc_Viatour.jpg/330px-Garrulus_glandarius_1_Luc_Viatour.jpg
Common kestrel,https://upload.wikimedia.org/wikipedia/commons/thumb/2/24/Common_kestrel_falco_tinnunculus.jpg/330px-Common_kestrel_falco_tinnunculus.jpg
Common linnet,https://upload.wikimedia.org/wikipedia/commons/thumb/c/cf/Carduelis_cannabina_-England_-male-8.jpg/330px-Carduelis_cannabina_-England_-male-8.jpg
Eurasian magpie,https://upload.wikimedia.org/wikipedia/commons/thumb/2/22/Eurasian_magpie_%2810860%29.jpg/330px-Eurasian_magpie_%2810860%29.jpg
Western marsh harrier,https://upload.wikimedia.org/wikipedia/commons/thumb/3/33/Western_Marsh_Harrier-_Bangalore%2C_India.jpg/330px-Western_Marsh_Harrier-_Bangalore%2C_India.jpg
Common moorhen,https://upload.wikimedia.org/wikipedia/commons/thumb/e/ee/Common_moorhen_%28Gallinula_chloropus%29_France.jpg/330px-Common_moorhen_%28Gallinula_chloropus%29_France.jpg
European nightjar,https://upload.wikimedia.org/wikipedia/commons/thumb/c/c1/%C5%9Eivanxap%C3%AEnok.jpg/330px-%C5%9Eivanxap%C3%AEnok.jpg
Spotted nutcracker,https://upload.wikimedia.org/wikipedia/commons/thumb/e/e9/Nucifraga_caryocatactes_Davos_1.jpg/330px-Nucifraga_caryocatactes_Davos_1.jpg
Eurasian nuthatch,https://upload.wikimedia.org/wikipedia/commons/thumb/9/91/Kleiber_Sitta_europaea-0447.jpg/330px-Kleiber_Sitta_europaea-0447.jpg
Eurasian oystercatcher,https://upload.wikimedia.org/wikipedia/commons/thumb/5/51/Haematopus_ostralegus_He.jpg/330px-Haematopus_ostralegus_He.jpg
Eurasian penduline tit,https://upload.wikimedia.org/wikipedia/commons/thumb/a/a5/Remiz_pendulinus_3_%28Martin_Mecnarowski%29.jpg/330px-Remiz_pendulinus_3_%28Martin_Mecnarowski%29.jpg
Eurasian pygmy owl,https://upload.wikimedia.org/wikipedia/commons/thumb/7/79/Eurasian_pygmy_owl_%28Glaucidium_passerinum%29_Bia%C5%82owieza.jpg/330px-Eurasian_pygmy_owl_%28Glaucidium_passerinum%29_Bia%C5%82owieza.jpg
Eurasian reed warbler,https://upload.wikimedia.org/wikipedia/commons/thumb/2/24/PleidelsheimerWiesentalTeichrohrsaenger.jpg/330px-PleidelsheimerWiesentalTeichrohrsaenger.jpg
River warbler,https://upload.wikimedia.org/wikipedia/commons/thumb/d/de/Flodsangare.jpg/330px-Flodsangare.jpg
Eurasian scops owl,https://upload.wikimedia.org/wikipedia/commons/thumb/d/dc/Scops_Owl_%28Otus_scops%29%2C_Kalloni%2C_Lesvos%2C_Greece%2C_19.04.2015_%2816773748434%29.jpg/330px-Scops_Owl_%28Otus_scops%29%2C_Kalloni%2C_Lesvos%2C_Greece%2C_19.04.2015_%2816773748434%29.jpg
Eurasian siskin,https://upload.wikimedia.org/wikipedia/commons/thumb/5/5d/Eurasian_siskin_%28Spinus_spinus%29_male_Biebrzanski.jpg/330px-Eurasian_siskin_%28Spinus_spinus%29_male_Biebrzanski.jpg
Eurasian skylark,https://upload.wikimedia.org/wikipedia/commons/thumb/f/f6/Skylark_2%2C_Lake_District%2C_England_-_June_2009.jpg/330px-Skylark_2%2C_Lake_District%2C_England_-_June_2009.jpg
Eurasian sparrowhawk,https://upload.wikimedia.org/wikipedia/commons/thumb/4/4d/%D0%AF%D1%81%D1%82%D1%80%D0%B5%D0%B1-%D0%BF%D0%B5%D1%80%D0%B5%D0%BF%D0%B5%D0%BB%D1%8F%D1%82%D0%BD%D0%B8%D0%BA_%28Accipiter_nisus%2C_m%29%2C_%D0%98%D0%B7%D0%BC%D0%B0%D0%B9%D0%BB%D0%BE%D0%B2%D1%81%D0%BA%D0%B8%D0%B9_%D0%BF%D0%B0%D1%80%D0%BA.jpg/330px-%D0%AF%D1%81%D1%82%D1%80%D0%B5%D0%B1-%D0%BF%D0%B5%D1%80%D0%B5%D0%BF%D0%B5%D0%BB%D1%8F%D1%82%D0%BD%D0%B8%D0%BA_%28Accipiter_nisus%2C_m%29%2C_%D0%98%D0%B7%D0%BC%D0%B0%D0%B9%D0%BB%D0%BE%D0%B2%D1%81%D0%BA%D0%B8%D0%B9_%D0%BF%D0%B0%D1%80%D0%BA.jpg
Eurasian spoonbill,https://upload.wikimedia.org/wikipedia/commons/thumb/8/8c/Eurasian_Spoonbill-2.jpg/330px-Eurasian_Spoonbill-2.jpg
Eurasian stone-curlew,https://upload.wikimedia.org/wikipedia/commons/thumb/d/d8/Burhinus_oedicnemus_insularum_Lanzarote_1.jpg/330px-Burhinus_oedicnemus_insularum_Lanzarote_1.jpg
Eurasian three-toed woodpecker,https://upload.wikimedia.org/wikipedia/commons/thumb/0/04/Three-toed_Woodpecker_-_Finlandia_0005_%283%29.jpg/330px-Three-toed_Woodpecker_-_Finlandia_0005_%283%29.jpg
Eurasian tree sparrow,https://upload.wikimedia.org/wikipedia/commons/thumb/9/98/Tree_Sparrow_August_2007_Osaka_Japan.jpg/330px-Tree_Sparrow_August_2007_Osaka_Japan.jpg
Eurasian treecreeper,https://upload.wikimedia.org/wikipedia/commons/thumb/3/30/Eurasian_Treecreeper_-_Certhia_familiaris_%2854192274817%29.jpg/330px-Eurasian_Treecreeper_-_Certhia_familiaris_%2854192274817%29.jpg
Eurasian wigeon,https://upload.wikimedia.org/wikipedia/commons/thumb/5/5f/Eurasian_wigeon_in_Sakai%2C_Osaka%2C_February_2016.jpg/330px-Eurasian_wigeon_in_Sakai%2C_Osaka%2C_February_2016.jpg
Eurasian woodcock,https://upload.wikimedia.org/wikipedia/commons/thumb/1/1c/Woodcock_earthworm.jpg/330px-Woodcock_earthworm.jpg
Eurasian wren,https://upload.wikimedia.org/wikipedia/commons/thumb/7/7c/Eurasian_wren_Franconville_02.jpg/330px-Eurasian_wren_Franconville_02.jpg
Eurasian wryneck,https://upload.wikimedia.org/wikipedia/commons/thumb/a/a4/Jynx_torquilla_%D0%BA%D1%80%D1%83%D1%82%D0%B8%D0%B3%D0%BE%D0%BB%D0%BE%D0%B2%D0%BA%D0%B0.jpg/330px-Jynx_torquilla_%D0%BA%D1%80%D1%83%D1%82%D0%B8%D0%B3%D0%BE%D0%BB%D0%BE%D0%B2%D0%BA%D0%B0.jpg
European bee-eater,https://upload.wikimedia.org/wikipedia/commons/thumb/c/c2/Bee-eater_%2819270331108%29.jpg/330px-Bee-eater_%2819270331108%29.jpg
European golden plover,https://upload.wikimedia.org/wikipedia/commons/thumb/f/fb/European_golden_plover_%28Pluvialis_apricaria%29_female_breeding_Keflavik.jpg/330px-European_golden_plover_%28Pluvialis_apricaria%29_female_breeding_Keflavik.jpg
European goldfinch,https://upload.wikimedia.org/wikipedia/commons/thumb/e/eb/072_Wild_European_goldfinch_at_the_Parc_Jura_vaudois_Photo_by_Giles_Laurent.jpg/330px-072_Wild_European_goldfinch_at_the_Parc_Jura_vaudois_Photo_by_Giles_Laurent.jpg
European greenfinch,https://upload.wikimedia.org/wikipedia/commons/thumb/2/29/Chloris_chloris_%28profile%29.jpg/330px-Chloris_chloris_%28profile%29.jpg
European honey buzzard,https://upload.wikimedia.org/wikipedia/commons/thumb/6/6d/Wespenbussard_European_honey_buzzard_Pernis_apivorus%2C_crop.jpg/330px-Wespenbussard_European_honey_buzzard_Pernis_apivorus%2C_crop.jpg
European pied flycatcher,https://upload.wikimedia.org/wikipedia/commons/thumb/5/53/Ficedula_hypoleuca_-Wood_of_Cree_Nature_Reserve%2C_Scotland_-male-8a.jpg/330px-Ficedula_hypoleuca_-Wood_of_Cree_Nature_Reserve%2C_Scotland_-male-8a.jpg
European robin,https://upload.wikimedia.org/wikipedia/commons/thumb/f/f3/Erithacus_rubecula_with_cocked_head.jpg/330px-Erithacus_rubecula_with_cocked_head.jpg
European roller,https://upload.wikimedia.org/wikipedia/commons/thumb/6/69/European_Roller_%28Coracias_garrulus%29_%2816475688389%29.jpg/330px-European_Roller_%28Coracias_garrulus%29_%2816475688389%29.jpg
European serin,https://upload.wikimedia.org/wikipedia/commons/thumb/6/65/European_serin_%28Serinus_serinus%29_male.jpg/330px-European_serin_%28Serinus_serinus%29_male.jpg
Common starling,https://upload.wikimedia.org/wikipedia/commons/thumb/a/af/Common_starling_%28Sturnus_vulgaris%29_breeding_male_Marken.jpg/330px-Common_starling_%28Sturnus_vulgaris%29_breeding_male_Marken.jpg
European stonechat,https://upload.wikimedia.org/wikipedia/commons/thumb/d/d7/Stonechat_%28Saxicola_rubicola%29_male%2C_Beaulieu%2C_Hampshire.jpg/330px-Stonechat_%28Saxicola_rubicola%29_male%2C_Beaulieu%2C_Hampshire.jpg
European storm petrel,https://upload.wikimedia.org/wikipedia/commons/thumb/b/b4/European_storm_petrel_%28Hydrobates_pelagicus%29_Sagres.jpg/330px-European_storm_petrel_%28Hydrobates_pelagicus%29_Sagres.jpg
European turtle dove,https://upload.wikimedia.org/wikipedia/commons/thumb/e/ec/Turtle_dove_%28Streptopelia_turtur_turtur%29_Hungary.jpg/330px-Turtle_dove_%28Streptopelia_turtur_turtur%29_Hungary.jpg
Evening grosbeak,https://upload.wikimedia.org/wikipedia/commons/thumb/a/ac/Hesperiphona_vespertina_CT3.jpg/330px-Hesperiphona_vespertina_CT3.jpg
Ferruginous duck,https://upload.wikimedia.org/wikipedia/commons/thumb/a/a2/Aythya_nyroca_at_Martin_Mere_1.jpg/330px-Aythya_nyroca_at_Martin_Mere_1.jpg
Field sparrow,https://upload.wikimedia.org/wikipedia/commons/thumb/3/3c/Field_sparrow_in_CP_%2841484%29_%28cropped%29.jpg/330px-Field_sparrow_in_CP_%2841484%29_%28cropped%29.jpg
Fieldfare,https://upload.wikimedia.org/wikipedia/commons/thumb/c/c1/Turdus_pilaris_EM1B9020_%2834450664312%29.jpg/330px-Turdus_pilaris_EM1B9020_%2834450664312%29.jpg
Finsch's wheatear,https://upload.wikimedia.org/wikipedia/commons/thumb/8/89/%C3%87ilfer%C5%9Fik.jpg/330px-%C3%87ilfer%C5%9Fik.jpg
Red-fronted serin,https://upload.wikimedia.org/wikipedia/commons/thumb/5/5f/Fire-fronted_Serin_Nainital_Uttarakhand_India_31.01.2015.jpg/330px-Fire-fronted_Serin_Nainital_Uttarakhand_India_31.01.2015.jpg
Fish crow,https://upload.wikimedia.org/wikipedia/commons/thumb/0/08/Fish_crow_in_Red_Hook_%2842712%29.jpg/330px-Fish_crow_in_Red_Hook_%2842712%29.jpg
Flammulated owl,https://upload.wikimedia.org/wikipedia/commons/thumb/9/94/Flammulated_owl.jpg/330px-Flammulated_owl.jpg
Florida scrub jay,https://upload.wikimedia.org/wikipedia/commons/thumb/7/75/Adult_Florida_scrub_jay.jpg/330px-Adult_Florida_scrub_jay.jpg
Forster's tern,https://upload.wikimedia.org/wikipedia/commons/thumb/8/84/Forster%27s_Tern%2C_Horicon_NWR%2C_Wisconsin.jpg/330px-Forster%27s_Tern%2C_Horicon_NWR%2C_Wisconsin.jpg
Fox sparrow,https://upload.wikimedia.org/wikipedia/commons/thumb/0/0c/Passerella_iliaca_UL_05.jpg/330px-Passerella_iliaca_UL_05.jpg
Franklin's gull,https://upload.wikimedia.org/wikipedia/commons/thumb/6/68/Franklin%27s_Gull%2C_Calgary.jpg/330px-Franklin%27s_Gull%2C_Calgary.jpg
Fulvous babbler,https://upload.wikimedia.org/wikipedia/commons/thumb/6/68/Fulvous_Babbler.jpg/330px-Fulvous_Babbler.jpg
Fulvous whistling duck,https://upload.wikimedia.org/wikipedia/commons/thumb/3/3e/Fulvous_Whistling_Duck_JG.jpg/330px-Fulvous_Whistling_Duck_JG.jpg
Gadwall,https://upload.wikimedia.org/wikipedia/commons/thumb/9/9a/Gadwall-Anas-strepera.jpg/330px-Gadwall-Anas-strepera.jpg
Gambel's quail,https://upload.wikimedia.org/wikipedia/commons/thumb/1/15/Gambel%27s_Quail_Rockhound_State_Park.jpg/330px-Gambel%27s_Quail_Rockhound_State_Park.jpg
Garden warbler,https://upload.wikimedia.org/wikipedia/commons/thumb/0/07/Sylvia_borin_%28%C3%96rebro_County%29.jpg/330px-Sylvia_borin_%28%C3%96rebro_County%29.jpg
Garganey,https://upload.wikimedia.org/wikipedia/commons/thumb/9/92/Garganey%2C_Israel.jpg/330px-Garganey%2C_Israel.jpg
Gila woodpecker,https://upload.wikimedia.org/wikipedia/commons/thumb/f/f3/Gilawoodpecker.jpg/330px-Gilawoodpecker.jpg
Gilded flicker,https://upload.wikimedia.org/wikipedia/commons/thumb/d/d4/Gilded_Flicker_%28Colaptes_chrysoides%29_on_top_of_cactus.jpg/330px-Gilded_Flicker_%28Colaptes_chrysoides%29_on_top_of_cactus.jpg
Glaucous gull,https://upload.wikimedia.org/wikipedia/commons/thumb/7/7a/Glacous_Gull_on_ice.jpg/330px-Glacous_Gull_on_ice.jpg
Glaucous-winged gull,https://upload.wikimedia.org/wikipedia/commons/thumb/7/70/Glaucous-winged_gull.jpg/330px-Glaucous-winged_gull.jpg
Glossy ibis,https://upload.wikimedia.org/wikipedia/commons/thumb/f/fa/Glossy_ibis_Mallorca.jpg/330px-Glossy_ibis_Mallorca.jpg
Goldcrest,https://upload.wikimedia.org/wikipedia/commons/thumb/f/fe/Goldcrest_1.jpg/330px-Goldcrest_1.jpg
Golden eagle,https://upload.wikimedia.org/wikipedia/commons/thumb/c/cc/015_Wild_Golden_Eagle_in_flight_at_Pfyn-Finges_%28Switzerland%29_Photo_by_Giles_Laurent.jpg/330px-015_Wild_Golden_Eagle_in_flight_at_Pfyn-Finges_%28Switzerland%29_Photo_by_Giles_Laurent.jpg
Golden-cheeked warbler,https://upload.wikimedia.org/wikipedia/commons/thumb/b/b7/Dendroica_chrysoparia1.jpg/330px-Dendroica_chrysoparia1.jpg
Golden-crowned kinglet,https://upload.wikimedia.org/wikipedia/commons/thumb/b/b6/Golden-Crowned_Kinglet_EBFNWR.jpg/330px-Golden-Crowned_Kinglet_EBFNWR.jpg
Golden-crowned sparrow,https://upload.wikimedia.org/wikipedia/commons/thumb/5/5e/Zonotrichia_atricapilla_-British_Columbia%2C_Canada-8.jpg/330px-Zonotrichia_atricapilla_-British_Columbia%2C_Canada-8.jpg
Golden-fronted woodpecker,https://upload.wikimedia.org/wikipedia/commons/thumb/2/23/Melanerpes_aurifrons2.jpg/330px-Melanerpes_aurifrons2.jpg
Golden-winged warbler,https://upload.wikimedia.org/wikipedia/commons/thumb/5/5d/Vermivora_chrysoptera_400767711.jpg/330px-Vermivora_chrysoptera_400767711.jpg
Grace's warbler,https://upload.wikimedia.org/wikipedia/commons/thumb/c/cd/GracesWarbler.jpg/330px-GracesWarbler.jpg
Graceful prinia,https://upload.wikimedia.org/wikipedia/commons/thumb/7/7d/Graceful_prinia.jpg/330px-Graceful_prinia.jpg
Grasshopper sparrow,https://upload.wikimedia.org/wikipedia/commons/thumb/6/6c/Ammodramus_savannarum_160849415_%28cropped%29.jpg/330px-Ammodramus_savannarum_160849415_%28cropped%29.jpg
Gray catbird,https://upload.wikimedia.org/wikipedia/commons/thumb/9/91/Gray_catbird_%2885315%29.jpg/330px-Gray_catbird_%2885315%29.jpg
American gray flycatcher,https://upload.wikimedia.org/wikipedia/commons/thumb/8/86/Empidonax_wrightii_Richard_Crossley.jpg/330px-Empidonax_wrightii_Richard_Crossley.jpg
Gray hawk,https://upload.wikimedia.org/wikipedia/commons/thumb/7/74/Buteo_plagiatus_Belize.jpg/330px-Buteo_plagiatus_Belize.jpg
Grey heron,https://upload.wikimedia.org/wikipedia/commons/thumb/7/71/Grey_heron_2022_03_18_01.jpg/330px-Grey_heron_2022_03_18_01.jpg
Gray kingbird,https://upload.wikimedia.org/wikipedia/commons/thumb/c/cc/Puerto_Rican_Gray_Kingbird.jpg/330px-Puerto_Rican_Gray_Kingbird.jpg
Grey partridge,https://upload.wikimedia.org/wikipedia/commons/thumb/3/31/Perdix_perdix_Turvey_3.jpg/330px-Perdix_perdix_Turvey_3.jpg
Gray vireo,https://upload.wikimedia.org/wikipedia/commons/thumb/9/9d/Vireo_vicinior.jpg/330px-Vireo_vicinior.jpg
Grey wagtail,https://upload.wikimedia.org/wikipedia/commons/thumb/3/33/Gebirgsstelze_im_Geo-Naturpark_Bergstra%C3%9Fe-Odenwald.jpg/330px-Gebirgsstelze_im_Geo-Naturpark_Bergstra%C3%9Fe-Odenwald.jpg
Grey-cheeked thrush,https://upload.wikimedia.org/wikipedia/commons/thumb/f/ff/Gray-cheeked_thrush_%2871096%29.jpg/330px-Gray-cheeked_thrush_%2871096%29.jpg
Gray-crowned rosy finch,https://upload.wikimedia.org/wikipedia/commons/thumb/d/d9/Gray-Crowned_Rosy-Finch.jpg/330px-Gray-Crowned_Rosy-Finch.jpg
Grey-headed chickadee,https://upload.wikimedia.org/wikipedia/commons/thumb/7/78/Poecile_Cinctus_Kittila_20120306.JPG/330px-Poecile_Cinctus_Kittila_20120306.JPG
Grey-headed swamphen,https://upload.wikimedia.org/wikipedia/commons/thumb/c/cb/Grey-headed_swamphen_%28Porphyrio_poliocephalus%29_male.jpg/330px-Grey-headed_swamphen_%28Porphyrio_poliocephalus%29_male.jpg
Grey-headed woodpecker,https://upload.wikimedia.org/wikipedia/commons/thumb/7/79/%D0%A1%D0%B5%D0%B4%D0%BE%D0%B9_%D0%B4%D1%8F%D1%82%D0%B5%D0%BB_%D1%83_%D0%B1%D0%BE%D0%BB%D0%BE%D1%82%D0%B0_%D1%80%D0%B5%D1%87%D0%BA%D0%B8_%D0%97%D0%B8%D0%BC%D1%91%D0%BD%D0%BA%D0%B8.jpg/330px-%D0%A1%D0%B5%D0%B4%D0%BE%D0%B9_%D0%B4%D1%8F%D1%82%D0%B5%D0%BB_%D1%83_%D0%B1%D0%BE%D0%BB%D0%BE%D1%82%D0%B0_%D1%80%D0%B5%D1%87%D0%BA%D0%B8_%D0%97%D0%B8%D0%BC%D1%91%D0%BD%D0%BA%D0%B8.jpg
Grey-necked bunting,https://upload.wikimedia.org/wikipedia/commons/thumb/4/4b/GreyNeckedBunting_PrasadBR.jpg/330px-GreyNeckedBunting_PrasadBR.jpg
Greylag goose,https://upload.wikimedia.org/wikipedia/commons/thumb/5/57/Greylag_Goose_-_St_James%27s_Park%2C_London_-_Nov_2006.jpg/330px-Greylag_Goose_-_St_James%27s_Park%2C_London_-_Nov_2006.jpg
Eurasian bittern,https://upload.wikimedia.org/wikipedia/commons/thumb/3/3b/Eurasian_Bittern_-_Torrile_-_Italy_4528_%2815409347121%29.jpg/330px-Eurasian_Bittern_-_Torrile_-_Italy_4528_%2815409347121%29.jpg
Great black-backed gull,https://upload.wikimedia.org/wikipedia/commons/thumb/c/c6/Great_Black-backed_Gull_Larus_marinus.jpg/330px-Great_Black-backed_Gull_Larus_marinus.jpg
Great blue heron,https://upload.wikimedia.org/wikipedia/commons/thumb/f/f1/GreatBlueHeronInARiver.jpg/330px-GreatBlueHeronInARiver.jpg
Great cormorant,https://upload.wikimedia.org/wikipedia/commons/thumb/c/c3/2021-05-05_Phalacrocorax_carbo_carbo%2C_Killingworth_Lake%2C_Northumberland_1-1.jpg/330px-2021-05-05_Phalacrocorax_carbo_carbo%2C_Killingworth_Lake%2C_Northumberland_1-1.jpg
Great crested flycatcher,https://upload.wikimedia.org/wikipedia/commons/thumb/6/6b/GreatCrestedFlycatcher.jpg/330px-GreatCrestedFlycatcher.jpg
Great crested grebe,https://upload.wikimedia.org/wikipedia/commons/thumb/2/27/Podiceps_cristatus_2_-_Lake_Dulverton.jpg/330px-Podiceps_cristatus_2_-_Lake_Dulverton.jpg
Great egret,https://upload.wikimedia.org/wikipedia/commons/thumb/b/bf/GreatEgretNonbreeding.jpg/330px-GreatEgretNonbreeding.jpg
Great grey owl,https://upload.wikimedia.org/wikipedia/commons/thumb/0/0b/%D0%91%D0%BE%D1%80%D0%BE%D0%B4%D0%B0%D1%82%D0%B0%D1%8F_%D0%BD%D0%B5%D1%8F%D1%81%D1%8B%D1%82%D1%8C_%28Strix_nebulosa%2C_m%29%2C_%D0%91%D0%BE%D1%82%D0%B0%D0%BD%D0%B8%D1%87%D0%B5%D1%81%D0%BA%D0%B8%D0%B9_%D1%81%D0%B0%D0%B4.jpg/330px-%D0%91%D0%BE%D1%80%D0%BE%D0%B4%D0%B0%D1%82%D0%B0%D1%8F_%D0%BD%D0%B5%D1%8F%D1%81%D1%8B%D1%82%D1%8C_%28Strix_nebulosa%2C_m%29%2C_%D0%91%D0%BE%D1%82%D0%B0%D0%BD%D0%B8%D1%87%D0%B5%D1%81%D0%BA%D0%B8%D0%B9_%D1%81%D0%B0%D0%B4.jpg
Great grey shrike,https://upload.wikimedia.org/wikipedia/commons/thumb/e/e0/Great_Grey_Shrike_in_Bhigwan_August_2025_by_Tisha_Mukherjee_02.jpg/330px-Great_Grey_Shrike_in_Bhigwan_August_2025_by_Tisha_Mukherjee_02.jpg
Great horned owl,https://upload.wikimedia.org/wikipedia/commons/thumb/2/23/Bubo_virginianus_06.jpg/330px-Bubo_virginianus_06.jpg
Great kiskadee,https://upload.wikimedia.org/wikipedia/commons/thumb/9/94/Great_kiskadee_%2870240%29.jpg/330px-Great_kiskadee_%2870240%29.jpg
Great reed warbler,https://upload.wikimedia.org/wikipedia/commons/thumb/0/03/Drosselrohrs%C3%A4nger_Great_reed_warbler.jpg/330px-Drosselrohrs%C3%A4nger_Great_reed_warbler.jpg
Great skua,https://upload.wikimedia.org/wikipedia/commons/thumb/6/65/Stercorarius_skua_-Iceland-8.jpg/330px-Stercorarius_skua_-Iceland-8.jpg
Great snipe,https://upload.wikimedia.org/wikipedia/commons/thumb/5/5a/Greatsnipe_1000.jpg/330px-Greatsnipe_1000.jpg
Great spotted cuckoo,https://upload.wikimedia.org/wikipedia/commons/thumb/9/91/Clamator_glandarius_%28cropped_2%29.jpg/330px-Clamator_glandarius_%28cropped_2%29.jpg
Great spotted woodpecker,https://upload.wikimedia.org/wikipedia/commons/thumb/d/df/Great_spotted_woodpecker_%28Dendrocopos_major%29_male_Drenthe.jpg/330px-Great_spotted_woodpecker_%28Dendrocopos_major%29_male_Drenthe.jpg
Great tit,https://upload.wikimedia.org/wikipedia/commons/thumb/1/12/Great_tit_%28Parus_major%29_Heligan.jpg/330px-Great_tit_%28Parus_major%29_Heligan.jpg
Great white pelican,https://upload.wikimedia.org/wikipedia/commons/thumb/d/dd/Great_white_pelican_%28Pelecanus_onocrotalus%29.jpg/330px-Great_white_pelican_%28Pelecanus_onocrotalus%29.jpg
Great-tailed grackle,https://upload.wikimedia.org/wikipedia/commons/thumb/1/14/Great-tailed_grackle_%28Quiscalus_mexicanus_mexicanus%29_male_Copan.jpg/330px-Great-tailed_grackle_%28Quiscalus_mexicanus_mexicanus%29_male_Copan.jpg
Greater flamingo,https://upload.wikimedia.org/wikipedia/commons/thumb/8/81/010_Greater_flamingos_male_and_female_in_the_Camargue_during_mating_season_Photo_by_Giles_Laurent.jpg/330px-010_Greater_flamingos_male_and_female_in_the_Camargue_during_mating_season_Photo_by_Giles_Laurent.jpg
Greater hoopoe-lark,https://upload.wikimedia.org/wikipedia/commons/thumb/6/65/Greater_Hoopoe_Lark%2C_crop.jpg/330px-Greater_Hoopoe_Lark%2C_crop.jpg
Greater pewee,https://upload.wikimedia.org/wikipedia/commons/thumb/5/57/Greater_Pewee_Contopus_pertinax_%2816275457927%29.jpg/330px-Greater_Pewee_Contopus_pertinax_%2816275457927%29.jpg
Greater prairie chicken,https://upload.wikimedia.org/wikipedia/commons/thumb/f/f8/Tympanuchus_cupido_-Illinois%2C_USA_-male_displaying-8_%281%29.jpg/330px-Tympanuchus_cupido_-Illinois%2C_USA_-male_displaying-8_%281%29.jpg
Greater roadrunner,https://upload.wikimedia.org/wikipedia/commons/thumb/9/93/Greater_Roadrunner_Tingley_Beach.jpg/330px-Greater_Roadrunner_Tingley_Beach.jpg
Greater sage-grouse,https://upload.wikimedia.org/wikipedia/commons/thumb/6/6c/Centrocercus_urophasianus_-USA_-male-8.jpg/330px-Centrocercus_urophasianus_-USA_-male-8.jpg
Greater sand plover,https://upload.wikimedia.org/wikipedia/commons/thumb/3/3a/2024-07-26_Anarhynchus_leschenaultii_leschenaultii%2C_Newbiggin%2C_Northumberland_1.jpg/330px-2024-07-26_Anarhynchus_leschenaultii_leschenaultii%2C_Newbiggin%2C_Northumberland_1.jpg
Greater scaup,https://upload.wikimedia.org/wikipedia/commons/thumb/b/b9/Drake_Greater_scaup_%28Aythya_marila%29_Barnegat_Inlet%2C_New_Jersey%2C_USA.jpg/330px-Drake_Greater_scaup_%28Aythya_marila%29_Barnegat_Inlet%2C_New_Jersey%2C_USA.jpg
Greater short-toed lark,https://upload.wikimedia.org/wikipedia/commons/thumb/7/7c/Alondra.jpg/330px-Alondra.jpg
Greater spotted eagle,https://upload.wikimedia.org/wikipedia/commons/thumb/f/ff/Aquila_clanga_from_Tal_Chapar_Wildlife_Sanctuary.jpg/330px-Aquila_clanga_from_Tal_Chapar_Wildlife_Sanctuary.jpg
Greater white-fronted goose,https://upload.wikimedia.org/wikipedia/commons/thumb/0/0f/Greater_white-fronted_goose_in_flight-1045.jpg/330px-Greater_white-fronted_goose_in_flight-1045.jpg
Common whitethroat,https://upload.wikimedia.org/wikipedia/commons/thumb/9/91/Common_Whitethroat.jpg/330px-Common_Whitethroat.jpg
Greater yellowlegs,https://upload.wikimedia.org/wikipedia/commons/thumb/0/0c/Yellowlegs_-_natures_pics_edit.jpg/330px-Yellowlegs_-_natures_pics_edit.jpg
Green heron,https://upload.wikimedia.org/wikipedia/commons/thumb/2/21/Green_heron_%28Butorides_virescens%29%2C_South_Padre_Island%2C_Texas%2C_USA_%28cropped%29.jpg/330px-Green_heron_%28Butorides_virescens%29%2C_South_Padre_Island%2C_Texas%2C_USA_%28cropped%29.jpg
Inca jay,https://upload.wikimedia.org/wikipedia/commons/thumb/d/d0/Inca_jay_%28Cyanocorax_yncas_yncas%29_San_Isidro.jpg/330px-Inca_jay_%28Cyanocorax_yncas_yncas%29_San_Isidro.jpg
Green kingfisher,https://upload.wikimedia.org/wikipedia/commons/thumb/2/2e/Green_kingfisher_%28Chloroceryle_americana%29_male_3.jpg/330px-Green_kingfisher_%28Chloroceryle_americana%29_male_3.jpg
Green parakeet,https://upload.wikimedia.org/wikipedia/commons/thumb/8/8e/Green_Parakeet_-in_tree_-South_Texas-8.jpg/330px-Green_Parakeet_-in_tree_-South_Texas-8.jpg
Green sandpiper,https://upload.wikimedia.org/wikipedia/commons/thumb/9/92/Green-Sandpiper-Sandeep.jpg/330px-Green-Sandpiper-Sandeep.jpg
Green warbler,https://upload.wikimedia.org/wikipedia/commons/thumb/8/88/Green_warbler.jpg/330px-Green_warbler.jpg
Green-tailed towhee,https://upload.wikimedia.org/wikipedia/commons/thumb/1/14/Green-tailed_Towhee.jpg/330px-Green-tailed_Towhee.jpg
Eurasian teal,https://upload.wikimedia.org/wikipedia/commons/thumb/9/9c/Eurasian_teal_%28Anas_crecca_crecca%29_male_Qingshui.jpg/330px-Eurasian_teal_%28Anas_crecca_crecca%29_male_Qingshui.jpg
Greenish warbler,https://upload.wikimedia.org/wikipedia/commons/thumb/4/4e/Greenish_Warbler_Sikkim_India_11.05.2014.jpg/330px-Greenish_Warbler_Sikkim_India_11.05.2014.jpg
Groove-billed ani,https://upload.wikimedia.org/wikipedia/commons/thumb/6/69/Groove-billed_ani_%28Crotophaga_sulcirostris%29_Cayo.jpg/330px-Groove-billed_ani_%28Crotophaga_sulcirostris%29_Cayo.jpg
Gull-billed tern,https://upload.wikimedia.org/wikipedia/commons/thumb/a/a4/Gelochelidon_nilotica_vanrossemi.jpg/330px-Gelochelidon_nilotica_vanrossemi.jpg
Hairy woodpecker,https://upload.wikimedia.org/wikipedia/commons/thumb/3/3a/Picoides_villosus_monticola_male1.jpg/330px-Picoides_villosus_monticola_male1.jpg
Hammond's flycatcher,https://upload.wikimedia.org/wikipedia/commons/thumb/e/ee/Empidonax_hammondii.jpg/330px-Empidonax_hammondii.jpg
Harlequin duck,https://upload.wikimedia.org/wikipedia/commons/thumb/7/7f/Drake_Harlequin_duck_%28Histrionicus_histrionicus%29_perched_on_a_rock_in_the_Barnegat_Inlet%2C_New_Jersey%2C_USA_%28cropped%29.jpg/330px-Drake_Harlequin_duck_%28Histrionicus_histrionicus%29_perched_on_a_rock_in_the_Barnegat_Inlet%2C_New_Jersey%2C_USA_%28cropped%29.jpg
Harris's hawk,https://upload.wikimedia.org/wikipedia/commons/thumb/6/65/Harris%27s_Hawk_%28Parabuteo_unicinctus%29_3_of_4_in_set.jpg/330px-Harris%27s_Hawk_%28Parabuteo_unicinctus%29_3_of_4_in_set.jpg
Harris's sparrow,https://upload.wikimedia.org/wikipedia/commons/thumb/9/99/Harris%27s_Sparrow_%2814u0779_std%29_%28cropped%29.jpg/330px-Harris%27s_Sparrow_%2814u0779_std%29_%28cropped%29.jpg
Hawfinch,https://upload.wikimedia.org/wikipedia/commons/thumb/4/48/Hawfinch_%28Coccothraustes_coccothraustes%29_male_Drenthe.jpg/330px-Hawfinch_%28Coccothraustes_coccothraustes%29_male_Drenthe.jpg
Hazel grouse,https://upload.wikimedia.org/wikipedia/commons/thumb/a/ab/Hazel_Grouse_imported_from_iNaturalist_photo_116195913_on_11_June_2024.jpg/330px-Hazel_Grouse_imported_from_iNaturalist_photo_116195913_on_11_June_2024.jpg
Heermann's gull,https://upload.wikimedia.org/wikipedia/commons/thumb/5/5d/Larus_heermanni13.JPG/330px-Larus_heermanni13.JPG
Henslow's sparrow,https://upload.wikimedia.org/wikipedia/commons/thumb/d/dd/Henslow%27s_Sparrow_%28WORKS%29_%2832593335156%29_%28cropped%29.jpg/330px-Henslow%27s_Sparrow_%28WORKS%29_%2832593335156%29_%28cropped%29.jpg
Hepatic tanager,https://upload.wikimedia.org/wikipedia/commons/thumb/4/46/Piranga_hepatica.jpg/330px-Piranga_hepatica.jpg
Hermit thrush,https://upload.wikimedia.org/wikipedia/commons/thumb/4/48/Hermit_thrush_%2810787%29.jpg/330px-Hermit_thrush_%2810787%29.jpg
Hermit warbler,https://upload.wikimedia.org/wikipedia/commons/thumb/6/62/Hermit_Warbler_%28Dendroica_occidentalis%29.jpg/330px-Hermit_Warbler_%28Dendroica_occidentalis%29.jpg
European herring gull,https://upload.wikimedia.org/wikipedia/commons/thumb/2/2b/European_herring_gull_vocalizing_%2800170%29.jpg/330px-European_herring_gull_vocalizing_%2800170%29.jpg
Arctic redpoll,https://upload.wikimedia.org/wikipedia/commons/thumb/f/f8/Carduelis_flammea_CT6.jpg/330px-Carduelis_flammea_CT6.jpg
Hooded crow,https://upload.wikimedia.org/wikipedia/commons/thumb/d/dc/Hooded_Crow_%28Corvus_cornix%29_City_Park%2C_Skopje%2C_North_Macedonia.jpg/330px-Hooded_Crow_%28Corvus_cornix%29_City_Park%2C_Skopje%2C_North_Macedonia.jpg
Hooded merganser,https://upload.wikimedia.org/wikipedia/commons/thumb/7/70/Hooded_merganser_male_in_Central_Park_%2895790%29.jpg/330px-Hooded_merganser_male_in_Central_Park_%2895790%29.jpg
Hooded oriole,https://upload.wikimedia.org/wikipedia/commons/thumb/b/b0/Icterus_cucullatus_Female.jpg/330px-Icterus_cucullatus_Female.jpg
Hooded warbler,https://upload.wikimedia.org/wikipedia/commons/thumb/d/db/Hooded_Warbler.jpg/330px-Hooded_Warbler.jpg
Horned grebe,https://upload.wikimedia.org/wikipedia/commons/thumb/7/77/Podiceps_auritus_%2813909539717%29.jpg/330px-Podiceps_auritus_%2813909539717%29.jpg
Horned lark,https://upload.wikimedia.org/wikipedia/commons/thumb/4/42/Horned_lark_%28eremophila_alpestris%29_01.jpg/330px-Horned_lark_%28eremophila_alpestris%29_01.jpg
House bunting,https://upload.wikimedia.org/wikipedia/commons/thumb/d/dc/Bruant_du_sahara_Gabes.jpg/330px-Bruant_du_sahara_Gabes.jpg
House finch,https://upload.wikimedia.org/wikipedia/commons/thumb/f/f1/House_finch_%2833688%292.jpg/330px-House_finch_%2833688%292.jpg
House sparrow,https://upload.wikimedia.org/wikipedia/commons/thumb/9/9b/House_sparrow_male_in_Prospect_Park_%2853532%29.jpg/330px-House_sparrow_male_in_Prospect_Park_%2853532%29.jpg
House wren,https://upload.wikimedia.org/wikipedia/commons/thumb/b/ba/House_wren_in_Prospect_Park_%2823218%29.jpg/330px-House_wren_in_Prospect_Park_%2823218%29.jpg
Hudsonian godwit,https://upload.wikimedia.org/wikipedia/commons/thumb/1/1a/Limosa_haemastica_-_Kogarah_Bay.jpg/330px-Limosa_haemastica_-_Kogarah_Bay.jpg
Hutton's vireo,https://upload.wikimedia.org/wikipedia/commons/thumb/5/5b/Hutton%27s_Vireo_%2843379432594%29.jpg/330px-Hutton%27s_Vireo_%2843379432594%29.jpg
Iberian chiffchaff,https://upload.wikimedia.org/wikipedia/commons/thumb/b/b7/Iberian_Chifchaff.jpg/330px-Iberian_Chifchaff.jpg
Iberian magpie,https://upload.wikimedia.org/wikipedia/commons/thumb/a/a6/Iberian_magpie_%28Cyanopica_cooki%29_2.jpg/330px-Iberian_magpie_%28Cyanopica_cooki%29_2.jpg
Icterine warbler,https://upload.wikimedia.org/wikipedia/commons/thumb/5/5a/Hippolais_icterina_MHNT_ZOO_2010_11_201_Spire_%28ville%29.jpg/330px-Hippolais_icterina_MHNT_ZOO_2010_11_201_Spire_%28ville%29.jpg
Inca dove,https://upload.wikimedia.org/wikipedia/commons/thumb/e/e6/IncaDove.jpg/330px-IncaDove.jpg
Indigo bunting,https://upload.wikimedia.org/wikipedia/commons/thumb/6/62/Indigo_Bunting_by_Dan_Pancamo_4.jpg/330px-Indigo_Bunting_by_Dan_Pancamo_4.jpg
Isabelline shrike,https://upload.wikimedia.org/wikipedia/commons/thumb/a/a4/Isabelline_Shrike_%2815214160368%29.jpg/330px-Isabelline_Shrike_%2815214160368%29.jpg
Isabelline wheatear,https://upload.wikimedia.org/wikipedia/commons/thumb/b/b4/Isabelline_wheatear_%28Oenanthe_isabellina%29_male%2C_non-breeding.jpg/330px-Isabelline_wheatear_%28Oenanthe_isabellina%29_male%2C_non-breeding.jpg
Island scrub jay,https://upload.wikimedia.org/wikipedia/commons/thumb/4/49/IslandScrubJay.jpg/330px-IslandScrubJay.jpg
Italian sparrow,https://upload.wikimedia.org/wikipedia/commons/thumb/9/97/Sparrow_on_blue_chair_%28cropped%29.jpg/330px-Sparrow_on_blue_chair_%28cropped%29.jpg
Jack snipe,https://upload.wikimedia.org/wikipedia/commons/thumb/8/82/Lymnocryptes_minimus_au_sol.jpg/330px-Lymnocryptes_minimus_au_sol.jpg
Juniper titmouse,https://upload.wikimedia.org/wikipedia/commons/thumb/b/ba/JuniperTitmouse.jpg/330px-JuniperTitmouse.jpg
Kentish plover,https://upload.wikimedia.org/wikipedia/commons/thumb/6/6f/Kentish_Plover_Charadrius_alexandrinus%2C_India.jpg/330px-Kentish_Plover_Charadrius_alexandrinus%2C_India.jpg
Kentucky warbler,https://upload.wikimedia.org/wikipedia/commons/thumb/d/db/Kentucky_Warbler_%28Geothlypis_formosa%29_in_the_United_States.jpg/330px-Kentucky_Warbler_%28Geothlypis_formosa%29_in_the_United_States.jpg
Killdeer,https://upload.wikimedia.org/wikipedia/commons/thumb/7/7a/Kildeer_%286316766771%29.jpg/330px-Kildeer_%286316766771%29.jpg
King eider,https://upload.wikimedia.org/wikipedia/commons/thumb/8/86/King_Eider_%28Somateria_spectabilis%29_%2813667616745%29.jpg/330px-King_Eider_%28Somateria_spectabilis%29_%2813667616745%29.jpg
King rail,https://upload.wikimedia.org/wikipedia/commons/thumb/5/5f/KingRail23.jpg/330px-KingRail23.jpg
Kirtland's warbler,https://upload.wikimedia.org/wikipedia/commons/thumb/2/2a/Dendroica_kirtlandii_-Michigan%2C_USA_-male-8_%285%29.jpg/330px-Dendroica_kirtlandii_-Michigan%2C_USA_-male-8_%285%29.jpg
,https://birdnet.cornell.edu/files/2019/09/Sitta-krueperi_Kruepers-Nuthatch_Frank-Vassen.jpg
Ladder-backed woodpecker,https://upload.wikimedia.org/wikipedia/commons/thumb/7/7e/Ladder-back_Woodpecker_on_Cactus.jpg/330px-Ladder-back_Woodpecker_on_Cactus.jpg
Lanceolated warbler,https://upload.wikimedia.org/wikipedia/commons/thumb/3/37/Locustella_lanceolata_295726934.jpg/330px-Locustella_lanceolata_295726934.jpg
Lapland longspur,https://upload.wikimedia.org/wikipedia/commons/thumb/6/61/Lapland_Longspur_-_Calcarius_lapponicus_-_Sportittlingur_1.jpg/330px-Lapland_Longspur_-_Calcarius_lapponicus_-_Sportittlingur_1.jpg
Lark bunting,https://upload.wikimedia.org/wikipedia/commons/thumb/2/2c/Calamospiza_melanocorys_by_Nick_Varvel.jpg/330px-Calamospiza_melanocorys_by_Nick_Varvel.jpg
Lark sparrow,https://upload.wikimedia.org/wikipedia/commons/thumb/7/79/LarkSparrow.jpg/330px-LarkSparrow.jpg
Laughing dove,https://upload.wikimedia.org/wikipedia/commons/thumb/0/05/140_Laughing_dove_in_Twyfelfontein_Photo_by_Giles_Laurent.jpg/330px-140_Laughing_dove_in_Twyfelfontein_Photo_by_Giles_Laurent.jpg
Laughing gull,https://upload.wikimedia.org/wikipedia/commons/thumb/e/ed/Leucophaeus_atricilla_Caye_Caulker_04.JPG/330px-Leucophaeus_atricilla_Caye_Caulker_04.JPG
Lawrence's goldfinch,https://upload.wikimedia.org/wikipedia/commons/thumb/2/23/Lawrence%27s_Goldfinch%2C_%28Carduelis_lawrencei%29.jpg/330px-Lawrence%27s_Goldfinch%2C_%28Carduelis_lawrencei%29.jpg
Lazuli bunting,https://upload.wikimedia.org/wikipedia/commons/thumb/8/8f/Lazuli_Bunting.jpg/330px-Lazuli_Bunting.jpg
LeConte's sparrow,https://upload.wikimedia.org/wikipedia/commons/thumb/c/cd/LESP-Erickson.jpg/330px-LESP-Erickson.jpg
LeConte's thrasher,https://upload.wikimedia.org/wikipedia/commons/thumb/3/3c/Le_Conte%27s_Thrasher.jpg/330px-Le_Conte%27s_Thrasher.jpg
Leach's storm petrel,https://upload.wikimedia.org/wikipedia/commons/thumb/e/e0/Leach%27s_Storm-petrel_Saint-Jean-de-Monts_01.jpg/330px-Leach%27s_Storm-petrel_Saint-Jean-de-Monts_01.jpg
Least bittern,https://upload.wikimedia.org/wikipedia/commons/thumb/8/8a/Least_bittern_%2871430%29.jpg/330px-Least_bittern_%2871430%29.jpg
Least flycatcher,https://upload.wikimedia.org/wikipedia/commons/thumb/4/46/Empidonax-minimus-001.jpg/330px-Empidonax-minimus-001.jpg
Least grebe,https://upload.wikimedia.org/wikipedia/commons/thumb/5/52/Tachybaptus_dominicus_brachyrhynchus_-_Least_grebe%3B_Pantanal_route-park%2C_Corumb%C3%A1%2C_Mato_Grosso_do_Sul%2C_Brazil.jpg/330px-Tachybaptus_dominicus_brachyrhynchus_-_Least_grebe%3B_Pantanal_route-park%2C_Corumb%C3%A1%2C_Mato_Grosso_do_Sul%2C_Brazil.jpg
Least sandpiper,https://upload.wikimedia.org/wikipedia/commons/thumb/5/56/Sandpiper_Weckstein.jpg/330px-Sandpiper_Weckstein.jpg
Least tern,https://upload.wikimedia.org/wikipedia/commons/thumb/0/09/20260531_least_tern_sandy_point_bird_sanctuary_PD04639.jpg/330px-20260531_least_tern_sandy_point_bird_sanctuary_PD04639.jpg
Lesser black-backed gull,https://upload.wikimedia.org/wikipedia/commons/thumb/5/5e/Larus-fuscus-taxbox.jpg/330px-Larus-fuscus-taxbox.jpg
Lesser goldfinch,https://upload.wikimedia.org/wikipedia/commons/thumb/0/0a/Lesser_Goldfinch_%28_Eastern_race%29_Kerr_WMA_Kerrville_TX_2018-05-06_12-11-15-2_%2842881554344%29.jpg/330px-Lesser_Goldfinch_%28_Eastern_race%29_Kerr_WMA_Kerrville_TX_2018-05-06_12-11-15-2_%2842881554344%29.jpg
Lesser grey shrike,https://upload.wikimedia.org/wikipedia/commons/thumb/8/89/Lesser_grey_shrike_%28Lanius_minor%29%2C_Kruger_National_Park%2C_South_Africa._-_52804244906.jpg/330px-Lesser_grey_shrike_%28Lanius_minor%29%2C_Kruger_National_Park%2C_South_Africa._-_52804244906.jpg
Lesser kestrel,https://upload.wikimedia.org/wikipedia/commons/thumb/f/f3/Lesser_Kestrel_%28Male%29.jpg/330px-Lesser_Kestrel_%28Male%29.jpg
Lesser nighthawk,https://upload.wikimedia.org/wikipedia/commons/thumb/c/c1/Lesser_Nighthawk_Sleeping_SPI.jpg/330px-Lesser_Nighthawk_Sleeping_SPI.jpg
Lesser prairie chicken,https://upload.wikimedia.org/wikipedia/commons/thumb/5/51/Lesser_Prairie_Chicken%2C_New_Mexico.jpg/330px-Lesser_Prairie_Chicken%2C_New_Mexico.jpg
Lesser redpoll,https://upload.wikimedia.org/wikipedia/commons/thumb/f/f8/Carduelis_flammea_CT6.jpg/330px-Carduelis_flammea_CT6.jpg
Lesser short-toed lark,https://upload.wikimedia.org/wikipedia/commons/thumb/b/b8/Calandrella_rufescens_-Canary_Islands_-Spain-8.jpg/330px-Calandrella_rufescens_-Canary_Islands_-Spain-8.jpg
Lesser spotted eagle,https://upload.wikimedia.org/wikipedia/commons/thumb/4/44/%D7%A2%D7%99%D7%98_%D7%97%D7%95%D7%A8%D7%A9.jpg/330px-%D7%A2%D7%99%D7%98_%D7%97%D7%95%D7%A8%D7%A9.jpg
Lesser spotted woodpecker,https://upload.wikimedia.org/wikipedia/commons/thumb/b/bd/%D0%9C%D0%B0%D0%BB%D1%8B%D0%B9_%D0%BF%D1%91%D1%81%D1%82%D1%80%D1%8B%D0%B9_%D0%B4%D1%8F%D1%82%D0%B5%D0%BB_%D0%BD%D0%B0_%D1%80%D0%B5%D0%BF%D0%B5%D0%B9%D0%BD%D0%B8%D0%BA%D0%B5_%28Dendrocopos_minor%2C_fem%29%2C_%D0%9A%D1%80%D1%8B%D0%BB%D0%B0%D1%82%D1%81%D0%BA%D0%B8%D0%B5_%D1%85%D0%BE%D0%BB%D0%BC%D1%8B.jpg/330px-%D0%9C%D0%B0%D0%BB%D1%8B%D0%B9_%D0%BF%D1%91%D1%81%D1%82%D1%80%D1%8B%D0%B9_%D0%B4%D1%8F%D1%82%D0%B5%D0%BB_%D0%BD%D0%B0_%D1%80%D0%B5%D0%BF%D0%B5%D0%B9%D0%BD%D0%B8%D0%BA%D0%B5_%28Dendrocopos_minor%2C_fem%29%2C_%D0%9A%D1%80%D1%8B%D0%BB%D0%B0%D1%82%D1%81%D0%BA%D0%B8%D0%B5_%D1%85%D0%BE%D0%BB%D0%BC%D1%8B.jpg
Lesser white-fronted goose,https://upload.wikimedia.org/wikipedia/commons/thumb/9/97/Anser_erythropus.jpg/330px-Anser_erythropus.jpg
Lesser whitethroat,https://upload.wikimedia.org/wikipedia/commons/thumb/7/74/%D0%A1%D0%BB%D0%B0%D0%B2%D0%BA%D0%B0-%D0%B7%D0%B0%D0%B2%D0%B8%D1%80%D1%83%D1%88%D0%BA%D0%B0_%28Sylvia_curruca%29.jpg/330px-%D0%A1%D0%BB%D0%B0%D0%B2%D0%BA%D0%B0-%D0%B7%D0%B0%D0%B2%D0%B8%D1%80%D1%83%D1%88%D0%BA%D0%B0_%28Sylvia_curruca%29.jpg
Lesser yellowlegs,https://upload.wikimedia.org/wikipedia/commons/thumb/6/6c/Lesser_yellowlegs_%2832690%29.jpg/330px-Lesser_yellowlegs_%2832690%29.jpg
Levaillant's woodpecker,https://upload.wikimedia.org/wikipedia/commons/thumb/b/b1/Levaillant%27s_Woodpecker_-_Oukaimeden_Marocco_07_6526.jpg/330px-Levaillant%27s_Woodpecker_-_Oukaimeden_Marocco_07_6526.jpg
Lewis's woodpecker,https://upload.wikimedia.org/wikipedia/commons/thumb/c/c7/Lewis%27s_Woodpecker.jpg/330px-Lewis%27s_Woodpecker.jpg
Limpkin,https://upload.wikimedia.org/wikipedia/commons/thumb/9/9a/Limpkin%2C_Florida_05.jpg/330px-Limpkin%2C_Florida_05.jpg
Lincoln's sparrow,https://upload.wikimedia.org/wikipedia/commons/thumb/4/4a/Lincoln%27s_sparrow_%2814367%29.jpg/330px-Lincoln%27s_sparrow_%2814367%29.jpg
Little bittern,https://upload.wikimedia.org/wikipedia/commons/thumb/4/49/Zwergdommel.jpg/330px-Zwergdommel.jpg
Little blue heron,https://upload.wikimedia.org/wikipedia/commons/thumb/7/77/Egretta_caerulea_-Cananeia%2C_Sao_Paulo%2C_Brasil-8.jpg/330px-Egretta_caerulea_-Cananeia%2C_Sao_Paulo%2C_Brasil-8.jpg
Little bunting,https://upload.wikimedia.org/wikipedia/commons/thumb/3/38/Zwergammer.jpg/330px-Zwergammer.jpg
Little bustard,https://upload.wikimedia.org/wikipedia/commons/thumb/9/92/Little_Bustard_%28Tetrax_tetrax%29%2C_Castuera%2C_Extremadura%2C_Spain.jpg/330px-Little_Bustard_%28Tetrax_tetrax%29%2C_Castuera%2C_Extremadura%2C_Spain.jpg
Little crake,https://upload.wikimedia.org/wikipedia/commons/thumb/8/81/Porzana_parva_%2850%29.jpg/330px-Porzana_parva_%2850%29.jpg
Little egret,https://upload.wikimedia.org/wikipedia/commons/thumb/f/f1/Little_egret_%28Egretta_garzetta%29_Photograph_by_Shantanu_Kuveskar.jpg/330px-Little_egret_%28Egretta_garzetta%29_Photograph_by_Shantanu_Kuveskar.jpg
Little grebe,https://upload.wikimedia.org/wikipedia/commons/thumb/8/84/Little_grebe_Zwergtaucher.jpg/330px-Little_grebe_Zwergtaucher.jpg
Little gull,https://upload.wikimedia.org/wikipedia/commons/thumb/5/50/%C4%8Cajka_mal%C3%A1_%28Larus_minutus%29_a_%284834254958%29.jpg/330px-%C4%8Cajka_mal%C3%A1_%28Larus_minutus%29_a_%284834254958%29.jpg
Little owl,https://upload.wikimedia.org/wikipedia/commons/thumb/6/6c/%D0%94%D0%BE%D0%BC%D0%BE%D0%B2%D1%8B%D0%B9_%D1%81%D1%8B%D1%87._%D0%A1%D0%BE%D0%B2%D0%B0_%D0%B2_%D0%BA%D0%B0%D0%BD%D1%8C%D0%BE%D0%BD%D0%B5_%D1%83%D1%80%D0%BE%D1%87%D0%B8%D1%89%D0%B0_%D0%91%D0%BE%D0%B7%D0%B6%D1%8B%D1%80%D0%B0._01.jpg/330px-%D0%94%D0%BE%D0%BC%D0%BE%D0%B2%D1%8B%D0%B9_%D1%81%D1%8B%D1%87._%D0%A1%D0%BE%D0%B2%D0%B0_%D0%B2_%D0%BA%D0%B0%D0%BD%D1%8C%D0%BE%D0%BD%D0%B5_%D1%83%D1%80%D0%BE%D1%87%D0%B8%D1%89%D0%B0_%D0%91%D0%BE%D0%B7%D0%B6%D1%8B%D1%80%D0%B0._01.jpg
Little ringed plover,https://upload.wikimedia.org/wikipedia/commons/thumb/d/d3/Charadrius_dubius_-_Little_ringed_plover_05.jpg/330px-Charadrius_dubius_-_Little_ringed_plover_05.jpg
Little stint,https://upload.wikimedia.org/wikipedia/commons/thumb/3/36/B%C3%A9casseau_minute_Thyna007.jpg/330px-B%C3%A9casseau_minute_Thyna007.jpg
Little swift,https://upload.wikimedia.org/wikipedia/commons/thumb/f/f7/Little_swift%2C_Apus_affinis%2C_at_Kruger_National_Park%2C_South_Africa%2C_crop.jpg/330px-Little_swift%2C_Apus_affinis%2C_at_Kruger_National_Park%2C_South_Africa%2C_crop.jpg
Little tern,https://upload.wikimedia.org/wikipedia/commons/thumb/9/9e/%D0%9A%D1%80%D1%8F%D1%87%D0%BE%D0%BA_%D0%BC%D0%B0%D0%BB%D0%B8%D0%B9.jpg/330px-%D0%9A%D1%80%D1%8F%D1%87%D0%BE%D0%BA_%D0%BC%D0%B0%D0%BB%D0%B8%D0%B9.jpg
Loggerhead shrike,https://upload.wikimedia.org/wikipedia/commons/thumb/f/fa/Shrike_Loggerhead_JG.jpg/330px-Shrike_Loggerhead_JG.jpg
Long-billed curlew,https://upload.wikimedia.org/wikipedia/commons/thumb/a/a0/Long-billed_curlew_at_Drakes_Beach%2C_Point_Reyes.jpg/330px-Long-billed_curlew_at_Drakes_Beach%2C_Point_Reyes.jpg
Long-billed dowitcher,https://upload.wikimedia.org/wikipedia/commons/thumb/9/92/Limnodromus_scolopaceus_Mike_Baird_crop.jpg/330px-Limnodromus_scolopaceus_Mike_Baird_crop.jpg
Long-billed thrasher,https://upload.wikimedia.org/wikipedia/commons/thumb/f/f8/Toxostoma_longirostre_-Laguna_Atascosa_National_Wildlife_Refuge%2C_Texas%2C_USA-8.jpg/330px-Toxostoma_longirostre_-Laguna_Atascosa_National_Wildlife_Refuge%2C_Texas%2C_USA-8.jpg
Long-eared owl,https://upload.wikimedia.org/wikipedia/commons/thumb/e/e2/Long-eared_Owl_-_Kisjuszallas_-_Hungary_S4E0920_%2815671750198%29.jpg/330px-Long-eared_Owl_-_Kisjuszallas_-_Hungary_S4E0920_%2815671750198%29.jpg
Long-legged buzzard,https://upload.wikimedia.org/wikipedia/commons/thumb/2/2f/Long-legged_Buzzard%2C_Sultansazl%C4%B1%C4%9F%C4%B1_Mill%C3%AE_Park%C4%B1%2C_Kayseri%2C_Turkey.jpg/330px-Long-legged_Buzzard%2C_Sultansazl%C4%B1%C4%9F%C4%B1_Mill%C3%AE_Park%C4%B1%2C_Kayseri%2C_Turkey.jpg
Long-tailed duck,https://upload.wikimedia.org/wikipedia/commons/thumb/8/8e/Long-tailed-duck.jpg/330px-Long-tailed-duck.jpg
Long-tailed jaeger,https://upload.wikimedia.org/wikipedia/commons/thumb/4/4c/Long-tailed_Skua_%28js%29_26.jpg/330px-Long-tailed_Skua_%28js%29_26.jpg
Long-tailed tit,https://upload.wikimedia.org/wikipedia/commons/thumb/4/4c/%D0%94%D0%BE%D0%B2%D0%B3%D0%BE%D1%85%D0%B2%D0%BE%D1%81%D1%82%D0%B0_2.jpg/330px-%D0%94%D0%BE%D0%B2%D0%B3%D0%BE%D1%85%D0%B2%D0%BE%D1%81%D1%82%D0%B0_2.jpg
Louisiana waterthrush,https://upload.wikimedia.org/wikipedia/commons/thumb/b/b8/Louisiana_waterthrush_%28Parkesia_motacilla%29_Orange_Walk.jpg/330px-Louisiana_waterthrush_%28Parkesia_motacilla%29_Orange_Walk.jpg
Lucy's warbler,https://upload.wikimedia.org/wikipedia/commons/thumb/1/1b/Lucys_Warbler.jpg/330px-Lucys_Warbler.jpg
MacGillivray's warbler,https://upload.wikimedia.org/wikipedia/commons/thumb/5/5a/Geothlypis_tolmiei_Hungry_Horse_MT_1%2C_crop.jpg/330px-Geothlypis_tolmiei_Hungry_Horse_MT_1%2C_crop.jpg
Magnificent frigatebird,https://upload.wikimedia.org/wikipedia/commons/thumb/e/e4/Fregata_magnificens_-Galapagos%2C_Ecuador_-male-8_%281%29.jpg/330px-Fregata_magnificens_-Galapagos%2C_Ecuador_-male-8_%281%29.jpg
Magnolia warbler,https://upload.wikimedia.org/wikipedia/commons/thumb/a/a8/Magnolia_Warbler_-_May_17%2C_2025.jpg/330px-Magnolia_Warbler_-_May_17%2C_2025.jpg
Mallard,https://upload.wikimedia.org/wikipedia/commons/thumb/b/bf/Anas_platyrhynchos_male_female_quadrat.jpg/330px-Anas_platyrhynchos_male_female_quadrat.jpg
Mandarin duck,https://upload.wikimedia.org/wikipedia/commons/thumb/4/43/Pair_of_mandarin_ducks.jpg/330px-Pair_of_mandarin_ducks.jpg
Mangrove cuckoo,https://upload.wikimedia.org/wikipedia/commons/thumb/1/1e/Mangrove_Cuckoo.jpg/330px-Mangrove_Cuckoo.jpg
Manx shearwater,https://upload.wikimedia.org/wikipedia/commons/thumb/8/8e/Manx_Shearwater.JPG/330px-Manx_Shearwater.JPG
Marbled godwit,https://upload.wikimedia.org/wikipedia/commons/thumb/9/9b/MarbledGodwit.jpg/330px-MarbledGodwit.jpg
Marbled murrelet,https://upload.wikimedia.org/wikipedia/commons/thumb/8/8f/Marbled_murrelet.jpg/330px-Marbled_murrelet.jpg
Marmora's warbler,https://upload.wikimedia.org/wikipedia/commons/thumb/d/d2/Marmora%27s_Warbler_-_Sardinia_-_Italy_S4E1036.jpg/330px-Marmora%27s_Warbler_-_Sardinia_-_Italy_S4E1036.jpg
Marsh sandpiper,https://upload.wikimedia.org/wikipedia/commons/thumb/e/e0/Tringa_stagnatilis_2_-_Laem_Pak_Bia.jpg/330px-Tringa_stagnatilis_2_-_Laem_Pak_Bia.jpg
Marsh tit,https://upload.wikimedia.org/wikipedia/commons/thumb/2/21/Sumpfmeise_im_NSG_Hirschacker_und_Dossenwald_2.jpg/330px-Sumpfmeise_im_NSG_Hirschacker_und_Dossenwald_2.jpg
Marsh warbler,https://upload.wikimedia.org/wikipedia/commons/thumb/9/96/Acrocephalus_palustris_Irpin6.JPG/330px-Acrocephalus_palustris_Irpin6.JPG
Marsh wren,https://upload.wikimedia.org/wikipedia/commons/thumb/7/70/Marshwrenusfws.jpg/330px-Marshwrenusfws.jpg
Masked shrike,https://upload.wikimedia.org/wikipedia/commons/thumb/6/6a/Lanius_nubicus_%28unmirrored%29.jpg/330px-Lanius_nubicus_%28unmirrored%29.jpg
McCown's longspur,https://upload.wikimedia.org/wikipedia/commons/thumb/2/25/Thick-billed_Longspur%2C_Pakowki_Lake%2C_Alberta_%28cropped%29.jpg/330px-Thick-billed_Longspur%2C_Pakowki_Lake%2C_Alberta_%28cropped%29.jpg
Meadow pipit,https://upload.wikimedia.org/wikipedia/commons/thumb/b/b7/Wiesenpieper_Meadow_pipit.jpg/330px-Wiesenpieper_Meadow_pipit.jpg
Mediterranean gull,https://upload.wikimedia.org/wikipedia/commons/thumb/e/e7/Larus_melanocephalus_aka_Mediterranean_Gull_rare_guest_in_Sweden2.jpg/330px-Larus_melanocephalus_aka_Mediterranean_Gull_rare_guest_in_Sweden2.jpg
Melodious warbler,https://upload.wikimedia.org/wikipedia/commons/thumb/c/ca/Melodious_Warbler_2025_05_23.jpg/330px-Melodious_Warbler_2025_05_23.jpg
Menetries's warbler,https://upload.wikimedia.org/wikipedia/commons/thumb/d/de/Sylvia_mystacea.jpg/330px-Sylvia_mystacea.jpg
Merlin (bird),https://upload.wikimedia.org/wikipedia/commons/thumb/e/e3/Merlin_in_Prospect_Park_%2863386%29.jpg/330px-Merlin_in_Prospect_Park_%2863386%29.jpg
Common gull,https://upload.wikimedia.org/wikipedia/commons/thumb/b/b1/Larus_canus_Common_Gull_in_Norway.jpg/330px-Larus_canus_Common_Gull_in_Norway.jpg
Mexican chickadee,https://upload.wikimedia.org/wikipedia/commons/thumb/e/ef/Mexican_Chickadee_%28Poecile_sclateri_rayi%29%2C_Tierra_Colorada%2C_Oaxaca%2C_Mexico.jpg/330px-Mexican_Chickadee_%28Poecile_sclateri_rayi%29%2C_Tierra_Colorada%2C_Oaxaca%2C_Mexico.jpg
Mexican jay,https://upload.wikimedia.org/wikipedia/commons/thumb/1/1b/Mexican_Jay_Aphelocoma_wollweberi_3.jpg/330px-Mexican_Jay_Aphelocoma_wollweberi_3.jpg
Mexican whip-poor-will,https://upload.wikimedia.org/wikipedia/commons/thumb/d/d0/Antrostomus_arizonae.jpg/330px-Antrostomus_arizonae.jpg
Middle spotted woodpecker,https://upload.wikimedia.org/wikipedia/commons/thumb/5/5f/%D0%A1%D1%80%D0%B5%D0%B4%D0%BD%D0%B8%D0%B9_%D0%BF%D1%91%D1%81%D1%82%D1%80%D1%8B%D0%B9_%D0%B4%D1%8F%D1%82%D0%B5%D0%BB_%28Dendrocoptes_medius%29%2C_%D0%91%D0%B8%D1%82%D1%86%D0%B5%D0%B2%D1%81%D0%BA%D0%B8%D0%B9_%D0%BB%D0%B5%D1%81.jpg/330px-%D0%A1%D1%80%D0%B5%D0%B4%D0%BD%D0%B8%D0%B9_%D0%BF%D1%91%D1%81%D1%82%D1%80%D1%8B%D0%B9_%D0%B4%D1%8F%D1%82%D0%B5%D0%BB_%28Dendrocoptes_medius%29%2C_%D0%91%D0%B8%D1%82%D1%86%D0%B5%D0%B2%D1%81%D0%BA%D0%B8%D0%B9_%D0%BB%D0%B5%D1%81.jpg
Mississippi kite,https://upload.wikimedia.org/wikipedia/commons/thumb/0/0b/Mississippi_Kite.jpg/330px-Mississippi_Kite.jpg
Mistle thrush,https://upload.wikimedia.org/wikipedia/commons/thumb/9/9e/Turdus_viscivorus.001_-_Cardiff.jpg/330px-Turdus_viscivorus.001_-_Cardiff.jpg
Moltoni's warbler,https://birdnet.cornell.edu/files/2019/09/Sylvia-subalpina_Moltonis-Warbler_Francesco-Veronesi.jpg
Monk parakeet,https://upload.wikimedia.org/wikipedia/commons/thumb/d/d1/Monk_parakeet_%28Myiopsitta_monachus%29_Santiago.jpg/330px-Monk_parakeet_%28Myiopsitta_monachus%29_Santiago.jpg
Montagu's harrier,https://upload.wikimedia.org/wikipedia/commons/thumb/7/7f/Montagu%27s_harrier_male.jpg/330px-Montagu%27s_harrier_male.jpg
Montezuma quail,https://upload.wikimedia.org/wikipedia/commons/thumb/c/c3/Montezuma_Quail_%28Cyrtonyx_montezumae%29.jpg/330px-Montezuma_Quail_%28Cyrtonyx_montezumae%29.jpg
Mountain bluebird,https://upload.wikimedia.org/wikipedia/commons/thumb/0/03/Mountain_Bluebird.jpg/330px-Mountain_Bluebird.jpg
Mountain chickadee,https://upload.wikimedia.org/wikipedia/commons/thumb/f/f4/Mountain_Chickadee_Sandia_Mountains.jpg/330px-Mountain_Chickadee_Sandia_Mountains.jpg
Mountain chiffchaff,https://upload.wikimedia.org/wikipedia/commons/thumb/4/43/Mountain_Chiffchaff_-_Shreeram_M_V_-_Suru_Valley.jpg/330px-Mountain_Chiffchaff_-_Shreeram_M_V_-_Suru_Valley.jpg
Mountain quail,https://upload.wikimedia.org/wikipedia/commons/b/b9/Oreortyx_pictus.jpg
Mourning dove,https://upload.wikimedia.org/wikipedia/commons/thumb/a/aa/Av_Mourning_Dove_JG.jpg/330px-Av_Mourning_Dove_JG.jpg
Mourning warbler,https://upload.wikimedia.org/wikipedia/commons/thumb/1/1b/Geothlypis_philadelphia_289725142_%28cropped%29.jpg/330px-Geothlypis_philadelphia_289725142_%28cropped%29.jpg
Moussier's redstart,https://upload.wikimedia.org/wikipedia/commons/thumb/d/d4/Moussier%27s_redstart_%28Phoenicurus_moussieri%29_male.jpg/330px-Moussier%27s_redstart_%28Phoenicurus_moussieri%29_male.jpg
Moustached warbler,https://upload.wikimedia.org/wikipedia/commons/thumb/e/ec/Moustached_Warbler_Acrocephalus_melanopogon_by_Dr._Raju_Kasambe_%282%29.jpg/330px-Moustached_Warbler_Acrocephalus_melanopogon_by_Dr._Raju_Kasambe_%282%29.jpg
Mute swan,https://upload.wikimedia.org/wikipedia/commons/thumb/7/7b/Mute_Swan_Emsworth2.JPG/330px-Mute_Swan_Emsworth2.JPG
Namaqua dove,https://upload.wikimedia.org/wikipedia/commons/thumb/b/ba/Oena_capensis_-near_Kambi_ya_Tembo%2C_Arusha%2C_Tanzania-8%2C_crop.jpg/330px-Oena_capensis_-near_Kambi_ya_Tembo%2C_Arusha%2C_Tanzania-8%2C_crop.jpg
Nashville warbler,https://upload.wikimedia.org/wikipedia/commons/thumb/f/f2/Nashville_Warbler_-_Hunter_Canyon_-_Huachuca_Mtns_-_Sierra_Vista_-_AZ_-_2015-09-03at10-37-163_%2821738186340%29.jpg/330px-Nashville_Warbler_-_Hunter_Canyon_-_Huachuca_Mtns_-_Sierra_Vista_-_AZ_-_2015-09-03at10-37-163_%2821738186340%29.jpg
Nelson's sparrow,https://upload.wikimedia.org/wikipedia/commons/thumb/f/f9/Nelson%27s_sparrow_in_marsh.jpg/330px-Nelson%27s_sparrow_in_marsh.jpg
Neotropic cormorant,https://upload.wikimedia.org/wikipedia/commons/thumb/3/31/Neotropic_cormorant_%28Nannopterum_brasilianum_mexicanum%29_Peten.jpg/330px-Neotropic_cormorant_%28Nannopterum_brasilianum_mexicanum%29_Peten.jpg
Northern bald ibis,https://upload.wikimedia.org/wikipedia/commons/thumb/4/44/Northern_Bald_Ibis_Geronticus_eremita_%288470600428%29.jpg/330px-Northern_Bald_Ibis_Geronticus_eremita_%288470600428%29.jpg
Northern beardless tyrannulet,https://upload.wikimedia.org/wikipedia/commons/thumb/f/f4/Northern_Beardless-Tyrannulet_%2818560065092%29.jpg/330px-Northern_Beardless-Tyrannulet_%2818560065092%29.jpg
Northern bobwhite,https://upload.wikimedia.org/wikipedia/commons/thumb/0/0c/Virginiawachtel_2007-06-16_065.jpg/330px-Virginiawachtel_2007-06-16_065.jpg
Northern cardinal,https://upload.wikimedia.org/wikipedia/commons/thumb/5/5c/Male_northern_cardinal_in_Central_Park_%2852612%29.jpg/330px-Male_northern_cardinal_in_Central_Park_%2852612%29.jpg
Northern flicker,https://upload.wikimedia.org/wikipedia/commons/thumb/6/60/Northern_yellow-shafted_flicker_male_%2833737%29_%28cropped%29.jpg/330px-Northern_yellow-shafted_flicker_male_%2833737%29_%28cropped%29.jpg
Northern fulmar,https://upload.wikimedia.org/wikipedia/commons/thumb/3/34/Fulmar_%28Fulmarus_glacialis%29_in_flight_Moher.jpg/330px-Fulmar_%28Fulmarus_glacialis%29_in_flight_Moher.jpg
Northern gannet,https://upload.wikimedia.org/wikipedia/commons/thumb/2/2d/Morus_bassanus_adu.jpg/330px-Morus_bassanus_adu.jpg
Northern goshawk,https://upload.wikimedia.org/wikipedia/commons/thumb/8/81/Northern_Goshawk_ad_M2.jpg/330px-Northern_Goshawk_ad_M2.jpg
Northern harrier,https://upload.wikimedia.org/wikipedia/commons/thumb/7/7b/Circus_hudsonius%2C_male_perched%2C_Berkeley%2C_California_%28cropped%29.jpg/330px-Circus_hudsonius%2C_male_perched%2C_Berkeley%2C_California_%28cropped%29.jpg
Northern hawk-owl,https://upload.wikimedia.org/wikipedia/commons/thumb/3/30/Surnia_ulula_-_Northern_Hawk-Owl%2C_H%C3%B6kuggla.jpg/330px-Surnia_ulula_-_Northern_Hawk-Owl%2C_H%C3%B6kuggla.jpg
Northern lapwing,https://upload.wikimedia.org/wikipedia/commons/thumb/2/2f/Northern-Lapwing-Vanellus-vanellus.jpg/330px-Northern-Lapwing-Vanellus-vanellus.jpg
Northern mockingbird,https://upload.wikimedia.org/wikipedia/commons/thumb/6/6b/Mockingbird_in_Bay_Ridge_%2885082%29.jpg/330px-Mockingbird_in_Bay_Ridge_%2885082%29.jpg
Northern parula,https://upload.wikimedia.org/wikipedia/commons/thumb/3/3a/2014-05-21_Northern_Parula%2C_Shenandoah_NP%2C_Virginia_001200_07.jpg/330px-2014-05-21_Northern_Parula%2C_Shenandoah_NP%2C_Virginia_001200_07.jpg
Northern pintail,https://upload.wikimedia.org/wikipedia/commons/thumb/0/0b/Northern_Pintails_%28Male_%26_Female%29_I_IMG_0911.jpg/330px-Northern_Pintails_%28Male_%26_Female%29_I_IMG_0911.jpg
Mountain pygmy owl,https://upload.wikimedia.org/wikipedia/commons/thumb/e/e8/Mountain_Pygmy_Owl_Glaucidium_gnoma_Arizona.jpg/330px-Mountain_Pygmy_Owl_Glaucidium_gnoma_Arizona.jpg
Northern rough-winged swallow,https://upload.wikimedia.org/wikipedia/commons/thumb/9/9f/20250514_northern_rough_winged_swallow_bolton_notch_state_park_PD200438_crop.jpg/330px-20250514_northern_rough_winged_swallow_bolton_notch_state_park_PD200438_crop.jpg
Northern saw-whet owl,https://upload.wikimedia.org/wikipedia/commons/thumb/a/a2/Male_Northern_Saw-whet_Owl_%287364047820%29.jpg/330px-Male_Northern_Saw-whet_Owl_%287364047820%29.jpg
Northern shoveler,https://upload.wikimedia.org/wikipedia/commons/thumb/f/f9/Northern_shoveler_%28Spatula_clypeata%29_male_Marken.jpg/330px-Northern_shoveler_%28Spatula_clypeata%29_male_Marken.jpg
Northern shrike,https://upload.wikimedia.org/wikipedia/commons/thumb/d/dc/Northern_Shrike%2C_Arvada%2C_Jefferson%2C_Colorado.jpg/330px-Northern_Shrike%2C_Arvada%2C_Jefferson%2C_Colorado.jpg
Northern waterthrush,https://upload.wikimedia.org/wikipedia/commons/thumb/7/7f/Northern_Waterthrush_at_the_Pool_in_Central_Park%2C_New_York_City.jpg/330px-Northern_Waterthrush_at_the_Pool_in_Central_Park%2C_New_York_City.jpg
Northern wheatear,https://upload.wikimedia.org/wikipedia/commons/thumb/0/0c/Steinschmaetzer_Northern_wheatear_male.jpg/330px-Steinschmaetzer_Northern_wheatear_male.jpg
Northwestern crow,https://upload.wikimedia.org/wikipedia/commons/thumb/0/0a/Corvus-brachyrhynchos-001.jpg/330px-Corvus-brachyrhynchos-001.jpg
Nuttall's woodpecker,https://upload.wikimedia.org/wikipedia/commons/thumb/5/54/NuttallsWoodpecker-28MAR2016.jpg/330px-NuttallsWoodpecker-28MAR2016.jpg
Oak titmouse,https://upload.wikimedia.org/wikipedia/commons/thumb/4/4b/Baeolophus_inornatus_-San_Luis_Obispo%2C_California%2C_USA-8_%283%29.jpg/330px-Baeolophus_inornatus_-San_Luis_Obispo%2C_California%2C_USA-8_%283%29.jpg
Olive sparrow,https://birdnet.cornell.edu/files/2019/09/Arremonops-rufivirgatus_Olive-Sparrow_www.naturespicsonline.com_.jpg
Olive warbler,https://upload.wikimedia.org/wikipedia/commons/thumb/f/f3/Peucedramus_taeniatus_Durango_Highway_Sinaloa.jpg/330px-Peucedramus_taeniatus_Durango_Highway_Sinaloa.jpg
Olive-backed pipit,https://upload.wikimedia.org/wikipedia/commons/thumb/d/d9/Olive-backed_pipit_%28Anthus_hodgsoni_hodgsoni%29_Phulchowki.jpg/330px-Olive-backed_pipit_%28Anthus_hodgsoni_hodgsoni%29_Phulchowki.jpg
Olive-sided flycatcher,https://upload.wikimedia.org/wikipedia/commons/thumb/8/86/Olive-sided_Flycatcher.jpg/330px-Olive-sided_Flycatcher.jpg
Olive-tree warbler,https://upload.wikimedia.org/wikipedia/commons/thumb/7/7c/Olive-tree_warbler%2C_Hippolais_olivetorum%2C_at_Mkuze_Game_Reserve%2C_%2839230388474%29.jpg/330px-Olive-tree_warbler%2C_Hippolais_olivetorum%2C_at_Mkuze_Game_Reserve%2C_%2839230388474%29.jpg
Orange-crowned warbler,https://upload.wikimedia.org/wikipedia/commons/thumb/b/bb/Orange-crowned_warbler1.jpg/330px-Orange-crowned_warbler1.jpg
Orchard oriole,https://upload.wikimedia.org/wikipedia/commons/thumb/6/6f/Orchard_Oriole_by_Dan_Pancamo_1.jpg/330px-Orchard_Oriole_by_Dan_Pancamo_1.jpg
Ortolan bunting,https://upload.wikimedia.org/wikipedia/commons/thumb/f/fc/Ortolan_bunting_in_Sierra_de_Guara%2C_Aragon%2C_Spain.jpg/330px-Ortolan_bunting_in_Sierra_de_Guara%2C_Aragon%2C_Spain.jpg
Osprey,https://upload.wikimedia.org/wikipedia/commons/thumb/a/a0/Osprey_Perched_Snag_Heislerville.jpg/330px-Osprey_Perched_Snag_Heislerville.jpg
Ovenbird,https://upload.wikimedia.org/wikipedia/commons/thumb/3/3c/Ovenbird_%2890497%29.jpg/330px-Ovenbird_%2890497%29.jpg
Pacific golden plover,https://upload.wikimedia.org/wikipedia/commons/thumb/0/0b/Pluvialis_fulva_-Bering_Land_Bridge_National_Preserve%2C_Alaska%2C_USA-8.jpg/330px-Pluvialis_fulva_-Bering_Land_Bridge_National_Preserve%2C_Alaska%2C_USA-8.jpg
Pacific loon,https://upload.wikimedia.org/wikipedia/commons/thumb/e/ef/PacificLoon24.jpg/330px-PacificLoon24.jpg
Pacific wren,https://upload.wikimedia.org/wikipedia/commons/thumb/c/c5/Pacific_Wren_-_Vancouver_Is._%286842161146%29.jpg/330px-Pacific_Wren_-_Vancouver_Is._%286842161146%29.jpg
Pacific-slope flycatcher,https://upload.wikimedia.org/wikipedia/commons/thumb/6/68/Empidonax_difficilis_1.jpg/330px-Empidonax_difficilis_1.jpg
Paddyfield warbler,https://upload.wikimedia.org/wikipedia/commons/thumb/7/74/Paddyfield_Warbler_%28Acrocephalus_agricola%29_in_Kolkata_Im_IMG_0496.jpg/330px-Paddyfield_Warbler_%28Acrocephalus_agricola%29_in_Kolkata_Im_IMG_0496.jpg
Painted bunting,https://upload.wikimedia.org/wikipedia/commons/thumb/2/2c/Male_Painted_Bunting_Singing.jpg/330px-Male_Painted_Bunting_Singing.jpg
Painted whitestart,https://upload.wikimedia.org/wikipedia/commons/thumb/0/02/PaintedRedstart.jpg/330px-PaintedRedstart.jpg
Pale rockfinch,https://upload.wikimedia.org/wikipedia/commons/thumb/c/ce/Carpospiza_brachydactyla.jpg/330px-Carpospiza_brachydactyla.jpg
Pallas's gull,https://upload.wikimedia.org/wikipedia/commons/thumb/b/bf/Pallas%27s_Gull_Assuming_breeding_plumage.jpg/330px-Pallas%27s_Gull_Assuming_breeding_plumage.jpg
Pallas's leaf warbler,https://upload.wikimedia.org/wikipedia/commons/thumb/0/04/Pallas%27s_Leaf_Warbler%2C_Tunkinskiy_Rayon%2C_Buryat%2C_Russia_2.jpg/330px-Pallas%27s_Leaf_Warbler%2C_Tunkinskiy_Rayon%2C_Buryat%2C_Russia_2.jpg
Pallid harrier,https://upload.wikimedia.org/wikipedia/commons/thumb/a/a6/Pallid_harrier.jpg/330px-Pallid_harrier.jpg
Pallid scops owl,https://upload.wikimedia.org/wikipedia/commons/thumb/c/c1/Pallid_Scops_Owl.jpg/330px-Pallid_Scops_Owl.jpg
Pallid swift,https://upload.wikimedia.org/wikipedia/commons/thumb/d/db/Pallid_Swift_by_Irvin_Calicut_IRV07813.jpg/330px-Pallid_Swift_by_Irvin_Calicut_IRV07813.jpg
Palm warbler,https://upload.wikimedia.org/wikipedia/commons/thumb/1/1d/Palm_warbler_%2841597%29.jpg/330px-Palm_warbler_%2841597%29.jpg
Parasitic jaeger,https://upload.wikimedia.org/wikipedia/commons/thumb/b/ba/Arctic_Skua_1.jpg/330px-Arctic_Skua_1.jpg
Parrot crossbill,https://upload.wikimedia.org/wikipedia/commons/thumb/2/2c/Loxia_pytyopsittacus%2C_Budby_Common_3.jpg/330px-Loxia_pytyopsittacus%2C_Budby_Common_3.jpg
Pechora pipit,https://upload.wikimedia.org/wikipedia/commons/thumb/8/84/Anthus_gustavi_214075656.jpg/330px-Anthus_gustavi_214075656.jpg
Pectoral sandpiper,https://upload.wikimedia.org/wikipedia/commons/thumb/9/96/Pectoral_Sandpiper3.jpg/330px-Pectoral_Sandpiper3.jpg
Peregrine falcon,https://upload.wikimedia.org/wikipedia/commons/thumb/9/9c/Falco_peregrinus_m_Humber_Bay_Park_Toronto.jpg/330px-Falco_peregrinus_m_Humber_Bay_Park_Toronto.jpg
Phainopepla,https://upload.wikimedia.org/wikipedia/commons/thumb/f/f8/Phainopepla_nitens_M_2.jpg/330px-Phainopepla_nitens_M_2.jpg
Pharaoh eagle-owl,https://upload.wikimedia.org/wikipedia/commons/thumb/0/0e/Bubo_ascalaphus%2C_Abu_Simbel%2C_Aswan%2C_Egypt_1.jpg/330px-Bubo_ascalaphus%2C_Abu_Simbel%2C_Aswan%2C_Egypt_1.jpg
Philadelphia vireo,https://upload.wikimedia.org/wikipedia/commons/thumb/3/32/Vireo_philadelphicus.jpg/330px-Vireo_philadelphicus.jpg
Pied avocet,https://upload.wikimedia.org/wikipedia/commons/thumb/c/c5/Pied_Avocet_Recurvirostra_avosetta.jpg/330px-Pied_Avocet_Recurvirostra_avosetta.jpg
Pied kingfisher,https://upload.wikimedia.org/wikipedia/commons/thumb/c/c8/Pied_kingfisher_%28Ceryle_rudis_leucomelanurus%29_male.jpg/330px-Pied_kingfisher_%28Ceryle_rudis_leucomelanurus%29_male.jpg
Pied wheatear,https://upload.wikimedia.org/wikipedia/commons/thumb/5/5d/Pied_Wheatear_%28Oenanthe_pleschanka%29_%288079431820%29.jpg/330px-Pied_Wheatear_%28Oenanthe_pleschanka%29_%288079431820%29.jpg
Pied-billed grebe,https://upload.wikimedia.org/wikipedia/commons/thumb/4/42/Pied-billed_Grebe_0561.jpg/330px-Pied-billed_Grebe_0561.jpg
Pigeon guillemot,https://upload.wikimedia.org/wikipedia/commons/thumb/1/1b/Pigeon_guillemot.jpg/330px-Pigeon_guillemot.jpg
Pileated woodpecker,https://upload.wikimedia.org/wikipedia/commons/thumb/1/12/PileatedWoodpeckerFeedingonTree%2C_crop.jpg/330px-PileatedWoodpeckerFeedingonTree%2C_crop.jpg
Pin-tailed sandgrouse,https://upload.wikimedia.org/wikipedia/commons/thumb/8/8c/Pin-tailed_sandgrouse_%28Pterocles_alchata%29.jpg/330px-Pin-tailed_sandgrouse_%28Pterocles_alchata%29.jpg
Pine grosbeak,https://upload.wikimedia.org/wikipedia/commons/thumb/2/22/Pine_Grosbeak_%28Pinicola_enucleator%29_%2813667564073%29.jpg/330px-Pine_Grosbeak_%28Pinicola_enucleator%29_%2813667564073%29.jpg
Pine siskin,https://upload.wikimedia.org/wikipedia/commons/thumb/2/2e/Carduelis_pinus_CT7.jpg/330px-Carduelis_pinus_CT7.jpg
Pine warbler,https://upload.wikimedia.org/wikipedia/commons/thumb/c/c4/Pine_warbler_%2890070%29.jpg/330px-Pine_warbler_%2890070%29.jpg
Pink-footed goose,https://upload.wikimedia.org/wikipedia/commons/thumb/5/5b/2019-03-25_Anser_brachyrhynchus%2C_Killingworth_Lake%2C_Northumberland_1.jpg/330px-2019-03-25_Anser_brachyrhynchus%2C_Killingworth_Lake%2C_Northumberland_1.jpg
Pinyon jay,https://upload.wikimedia.org/wikipedia/commons/thumb/0/0a/Gymnorhinus_cyanocephalus1.jpg/330px-Gymnorhinus_cyanocephalus1.jpg
Piping plover,https://upload.wikimedia.org/wikipedia/commons/thumb/0/0b/Charadrius-melodus-004_edit.jpg/330px-Charadrius-melodus-004_edit.jpg
Plain chachalaca,https://upload.wikimedia.org/wikipedia/commons/thumb/7/74/Plain_chachalaca_%28Ortalis_vetula_vetula%29_Peten.jpg/330px-Plain_chachalaca_%28Ortalis_vetula_vetula%29_Peten.jpg
Plumbeous vireo,https://upload.wikimedia.org/wikipedia/commons/thumb/d/d2/Vireo_plumbeus2_crop.jpg/330px-Vireo_plumbeus2_crop.jpg
Prairie warbler,https://upload.wikimedia.org/wikipedia/commons/thumb/0/08/Prairie_Warbler_FL_Male_JG.jpg/330px-Prairie_Warbler_FL_Male_JG.jpg
Prothonotary warbler,https://upload.wikimedia.org/wikipedia/commons/thumb/5/55/Protonotaria-citrea-002_edit.jpg/330px-Protonotaria-citrea-002_edit.jpg
Purple finch,https://upload.wikimedia.org/wikipedia/commons/thumb/4/42/Carpodacus_purpureus_CT3.jpg/330px-Carpodacus_purpureus_CT3.jpg
American purple gallinule,https://upload.wikimedia.org/wikipedia/commons/thumb/3/38/Gallinule_Purple_JG.jpg/330px-Gallinule_Purple_JG.jpg
Purple heron,https://upload.wikimedia.org/wikipedia/commons/thumb/f/f5/Gar%C3%A7a-vermelha_%28Ardea_purpurea%29_%2853812618173%29.jpg/330px-Gar%C3%A7a-vermelha_%28Ardea_purpurea%29_%2853812618173%29.jpg
Purple martin,https://upload.wikimedia.org/wikipedia/commons/thumb/b/b9/PurpleMartin_cajay.jpg/330px-PurpleMartin_cajay.jpg
Purple sandpiper,https://upload.wikimedia.org/wikipedia/commons/thumb/8/8a/PUSA_perched_LBI.jpg/330px-PUSA_perched_LBI.jpg
Pygmy nuthatch,https://upload.wikimedia.org/wikipedia/commons/thumb/2/2a/PygmyNuthatch.jpg/330px-PygmyNuthatch.jpg
Pyrrhuloxia,https://upload.wikimedia.org/wikipedia/commons/thumb/a/ae/Pyrrhuloxia_%2834152495333%29_%28cropped%29.jpg/330px-Pyrrhuloxia_%2834152495333%29_%28cropped%29.jpg
Radde's accentor,https://upload.wikimedia.org/wikipedia/commons/thumb/7/7c/Prunella_ocularis_1a.jpg/330px-Prunella_ocularis_1a.jpg
Razorbill,https://upload.wikimedia.org/wikipedia/commons/thumb/8/8d/Razorbill_with_a_nice_catch.jpg/330px-Razorbill_with_a_nice_catch.jpg
Red crossbill,https://upload.wikimedia.org/wikipedia/commons/thumb/4/49/Red_Crossbills_%28Male%29.jpg/330px-Red_Crossbills_%28Male%29.jpg
Red junglefowl,https://upload.wikimedia.org/wikipedia/commons/thumb/b/b1/Gallus_distribution.jpg/330px-Gallus_distribution.jpg
Red kite,https://upload.wikimedia.org/wikipedia/commons/thumb/4/4b/Milvus_milvus_R%28ThKraft%29.jpg/330px-Milvus_milvus_R%28ThKraft%29.jpg
Red knot,https://upload.wikimedia.org/wikipedia/commons/thumb/0/03/Rufa_red_knot_%28Calidris_canutus_rufa%29_in_Delaware_Bay%2C_New_Jersey.jpg/330px-Rufa_red_knot_%28Calidris_canutus_rufa%29_in_Delaware_Bay%2C_New_Jersey.jpg
Red phalarope,https://upload.wikimedia.org/wikipedia/commons/thumb/1/17/Phalaropus_fulicarius_98755138_%28cropped%29.jpg/330px-Phalaropus_fulicarius_98755138_%28cropped%29.jpg
Red-backed shrike,https://upload.wikimedia.org/wikipedia/commons/thumb/5/5c/Red-backed_shrike.jpg/330px-Red-backed_shrike.jpg
Red-bellied woodpecker,https://upload.wikimedia.org/wikipedia/commons/thumb/1/12/Red-bellied_Woodpecker-27527.jpg/330px-Red-bellied_Woodpecker-27527.jpg
Red-billed chough,https://upload.wikimedia.org/wikipedia/commons/thumb/1/12/Bran_goesgoch_Pyrrhocorax_pyrrhocorax.jpg/330px-Bran_goesgoch_Pyrrhocorax_pyrrhocorax.jpg
Red-billed firefinch,https://upload.wikimedia.org/wikipedia/commons/thumb/1/11/Red-billed_firefinch_%28Lagonosticta_senegala_senegala%29_male.jpg/330px-Red-billed_firefinch_%28Lagonosticta_senegala_senegala%29_male.jpg
Red-billed pigeon,https://upload.wikimedia.org/wikipedia/commons/thumb/5/5a/Patagioenas_flavirostris_-Costa_Rica-8.jpg/330px-Patagioenas_flavirostris_-Costa_Rica-8.jpg
Red-breasted flycatcher,https://upload.wikimedia.org/wikipedia/commons/thumb/2/2f/Ficedula_parva_%D0%BC%D1%83%D1%85%D0%BE%D0%BB%D0%BE%D0%B2%D0%BA%D0%B0_%D0%BC%D0%B0%D0%BB%D0%B0.jpg/330px-Ficedula_parva_%D0%BC%D1%83%D1%85%D0%BE%D0%BB%D0%BE%D0%B2%D0%BA%D0%B0_%D0%BC%D0%B0%D0%BB%D0%B0.jpg
Red-breasted merganser,https://upload.wikimedia.org/wikipedia/commons/thumb/5/5b/Red-breasted_Merganser_male_%28Mergus_serrator%29%2C_Barnegat_Inlet%2C_New_Jersey%2C_USA.jpg/330px-Red-breasted_Merganser_male_%28Mergus_serrator%29%2C_Barnegat_Inlet%2C_New_Jersey%2C_USA.jpg
Red-breasted nuthatch,https://upload.wikimedia.org/wikipedia/commons/thumb/2/26/Red-breasted_Nuthatch_%2848859254972%29.jpg/330px-Red-breasted_Nuthatch_%2848859254972%29.jpg
Red-breasted sapsucker,https://upload.wikimedia.org/wikipedia/commons/thumb/6/6a/Sphyrapicus_ruber_2.jpg/330px-Sphyrapicus_ruber_2.jpg
Red-cockaded woodpecker,https://upload.wikimedia.org/wikipedia/commons/thumb/0/0f/Picoides_borealis_USMC2005729133853B.jpg/330px-Picoides_borealis_USMC2005729133853B.jpg
Red-crested pochard,https://upload.wikimedia.org/wikipedia/commons/thumb/5/50/Netta_rufina_%28Red-crested_Pochard%29_Male%2C_London_Wetland_Centre_-_Diliff.jpg/330px-Netta_rufina_%28Red-crested_Pochard%29_Male%2C_London_Wetland_Centre_-_Diliff.jpg
Red-crowned amazon,https://upload.wikimedia.org/wikipedia/commons/thumb/6/65/Red_Crowned_Amazon.jpg/330px-Red_Crowned_Amazon.jpg
Red-eyed vireo,https://upload.wikimedia.org/wikipedia/commons/thumb/0/03/Vireo_olivaceus_-Madison_-Wisconsin_-USA-8.jpg/330px-Vireo_olivaceus_-Madison_-Wisconsin_-USA-8.jpg
Red-faced warbler,https://upload.wikimedia.org/wikipedia/commons/thumb/f/ff/RedFacedWarbler.jpg/330px-RedFacedWarbler.jpg
Red-flanked bluetail,https://upload.wikimedia.org/wikipedia/commons/thumb/b/b2/Tarsiger_cyanurus.jpg/330px-Tarsiger_cyanurus.jpg
Red-footed falcon,https://upload.wikimedia.org/wikipedia/commons/thumb/c/cc/Falco_vespertinus_2_%28Martin_Mecnarowski%29.jpg/330px-Falco_vespertinus_2_%28Martin_Mecnarowski%29.jpg
Red-headed bunting,https://upload.wikimedia.org/wikipedia/commons/thumb/d/d1/Red-headed_bunting_%28Emberiza_bruniceps%29_male_non-breeding_plumage.jpg/330px-Red-headed_bunting_%28Emberiza_bruniceps%29_male_non-breeding_plumage.jpg
Red-headed woodpecker,https://upload.wikimedia.org/wikipedia/commons/thumb/9/94/Melanerpes-erythrocephalus-003.jpg/330px-Melanerpes-erythrocephalus-003.jpg
Red-legged kittiwake,https://upload.wikimedia.org/wikipedia/commons/thumb/a/ab/Red-legged_Kittiwake%2C_Saint_Paul_Island%2C_Alaska_1.jpg/330px-Red-legged_Kittiwake%2C_Saint_Paul_Island%2C_Alaska_1.jpg
Red-legged partridge,https://upload.wikimedia.org/wikipedia/commons/thumb/8/8c/Perdrix_rouge.jpg/330px-Perdrix_rouge.jpg
Red-naped sapsucker,https://upload.wikimedia.org/wikipedia/commons/thumb/c/cc/RedNapedSapsucker.jpg/330px-RedNapedSapsucker.jpg
Red-necked grebe,https://upload.wikimedia.org/wikipedia/commons/thumb/6/6b/Red-necked_grebe_%28Podiceps_grisegena_grisegena%29_breeding_adult_Gronjordssoen.jpg/330px-Red-necked_grebe_%28Podiceps_grisegena_grisegena%29_breeding_adult_Gronjordssoen.jpg
Red-necked nightjar,https://upload.wikimedia.org/wikipedia/commons/thumb/8/8a/Caprimulgus_ruficollis_-Portugal-8.jpg/330px-Caprimulgus_ruficollis_-Portugal-8.jpg
Red-necked phalarope,https://upload.wikimedia.org/wikipedia/commons/thumb/5/5c/Red-necked_Phalarope.jpg/330px-Red-necked_Phalarope.jpg
Red-rumped swallow,https://upload.wikimedia.org/wikipedia/commons/thumb/e/eb/Red-rumped_swallow_in_Calpe%2C_Spain_-_May_2018_01.jpg/330px-Red-rumped_swallow_in_Calpe%2C_Spain_-_May_2018_01.jpg
Red-rumped wheatear,https://upload.wikimedia.org/wikipedia/commons/thumb/b/b7/Red-rumped_wheatear_%28Oenanthe_moesta_moesta%29_male_Kebili.jpg/330px-Red-rumped_wheatear_%28Oenanthe_moesta_moesta%29_male_Kebili.jpg
Red-shouldered hawk,https://upload.wikimedia.org/wikipedia/commons/thumb/6/62/Red-shouldered_Hawk_%28Buteo_lineatus%29_-_Blue_Cypress_Lake%2C_Florida.jpg/330px-Red-shouldered_Hawk_%28Buteo_lineatus%29_-_Blue_Cypress_Lake%2C_Florida.jpg
Red-tailed hawk,https://upload.wikimedia.org/wikipedia/commons/thumb/7/7c/Red-tailed_Hawk_%2845812546121%29.jpg/330px-Red-tailed_Hawk_%2845812546121%29.jpg
Red-tailed shrike,https://upload.wikimedia.org/wikipedia/commons/thumb/4/4d/0T4A6719.jpg/330px-0T4A6719.jpg
Red-throated loon,https://upload.wikimedia.org/wikipedia/commons/thumb/6/69/Red-throated_diver_%28Gavia_stellata%29_breeding_Rif.jpg/330px-Red-throated_diver_%28Gavia_stellata%29_breeding_Rif.jpg
Red-throated pipit,https://upload.wikimedia.org/wikipedia/commons/thumb/7/75/Red-throated_Pipit.jpg/330px-Red-throated_Pipit.jpg
Red-wattled lapwing,https://upload.wikimedia.org/wikipedia/commons/thumb/4/4e/Red-wattled_lapwing_%28Vanellus_indicus%29_Photograph_by_Shantanu_Kuveskar.jpg/330px-Red-wattled_lapwing_%28Vanellus_indicus%29_Photograph_by_Shantanu_Kuveskar.jpg
Red-whiskered bulbul,https://upload.wikimedia.org/wikipedia/commons/thumb/8/8c/Red-whiskered_bulbuls_%28Pycnonotus_jocosus%29_Mauritius.jpg/330px-Red-whiskered_bulbuls_%28Pycnonotus_jocosus%29_Mauritius.jpg
Red-winged blackbird,https://upload.wikimedia.org/wikipedia/commons/thumb/1/13/RWBB_Female_OCWC.jpg/330px-RWBB_Female_OCWC.jpg
Redhead (bird),https://upload.wikimedia.org/wikipedia/commons/thumb/5/52/Redhead_-_Aythya_americana%2C_Oakley_Street%2C_Cambridge%2C_Maryland.jpg/330px-Redhead_-_Aythya_americana%2C_Oakley_Street%2C_Cambridge%2C_Maryland.jpg
Redwing,https://upload.wikimedia.org/wikipedia/commons/thumb/c/c1/Redwing_Turdus_iliacus.jpg/330px-Redwing_Turdus_iliacus.jpg
Common reed bunting,https://upload.wikimedia.org/wikipedia/commons/thumb/f/fc/Reed_Bunting_-_Emberiza_schoeniclus_%2852015951301%29.jpg/330px-Reed_Bunting_-_Emberiza_schoeniclus_%2852015951301%29.jpg
Richard's pipit,https://upload.wikimedia.org/wikipedia/commons/thumb/5/50/Anthus_richardi_-_Laem_Pak_Bia.jpg/330px-Anthus_richardi_-_Laem_Pak_Bia.jpg
Ridgway's rail,https://upload.wikimedia.org/wikipedia/commons/thumb/5/5b/Ridgway%27s_Rail_%2824515510911%29.jpg/330px-Ridgway%27s_Rail_%2824515510911%29.jpg
Ring ouzel,https://upload.wikimedia.org/wikipedia/commons/thumb/5/5d/Turdus_torquatus%2C_Spain_1.jpg/330px-Turdus_torquatus%2C_Spain_1.jpg
Ring-billed gull,https://upload.wikimedia.org/wikipedia/commons/thumb/3/38/Larus-delawarensis-021.jpg/330px-Larus-delawarensis-021.jpg
Ring-necked duck,https://upload.wikimedia.org/wikipedia/commons/thumb/d/d7/Ring-Necked_Duck.jpg/330px-Ring-Necked_Duck.jpg
Common pheasant,https://upload.wikimedia.org/wikipedia/commons/thumb/8/80/Common_pheasant_%28Phasianus_colchicus%29_male_Heligan.jpg/330px-Common_pheasant_%28Phasianus_colchicus%29_male_Heligan.jpg
Ringed kingfisher,https://upload.wikimedia.org/wikipedia/commons/thumb/f/fe/Ringed_Kingfisher_%28Megaceryle_torquata%29_male_%2828808454175%29.jpg/330px-Ringed_Kingfisher_%28Megaceryle_torquata%29_male_%2828808454175%29.jpg
Rivoli's hummingbird,https://upload.wikimedia.org/wikipedia/commons/thumb/d/d1/MagnificentHummingbird.jpg/330px-MagnificentHummingbird.jpg
Rock bunting,https://upload.wikimedia.org/wikipedia/commons/thumb/d/df/Rock_Bunting_%28Cochem%29.jpg/330px-Rock_Bunting_%28Cochem%29.jpg
Rock martin,https://upload.wikimedia.org/wikipedia/commons/thumb/4/43/Rock_Martin_%28Hirundo_fuligula%29_%2832682255041%29.jpg/330px-Rock_Martin_%28Hirundo_fuligula%29_%2832682255041%29.jpg
Rock partridge,https://upload.wikimedia.org/wikipedia/commons/thumb/5/52/Steinhuhn_Alectoris_graeca.jpg/330px-Steinhuhn_Alectoris_graeca.jpg
Rock dove,https://upload.wikimedia.org/wikipedia/commons/thumb/1/10/Columba_livia_%28Rock_Dove%2C_wild%29%2C_Duncansby_Head%2C_Caithness%2C_Scotland_1.jpg/330px-Columba_livia_%28Rock_Dove%2C_wild%29%2C_Duncansby_Head%2C_Caithness%2C_Scotland_1.jpg
Eurasian rock pipit,https://upload.wikimedia.org/wikipedia/commons/thumb/a/ae/2015-04-22_Anthus_petrosus%2C_Portsoy.jpg/330px-2015-04-22_Anthus_petrosus%2C_Portsoy.jpg
Rock ptarmigan,https://upload.wikimedia.org/wikipedia/commons/thumb/4/46/Rock_ptarmigan_%28Lagopus_muta_islandorum%29_female_breeding_Botnsvatn.jpg/330px-Rock_ptarmigan_%28Lagopus_muta_islandorum%29_female_breeding_Botnsvatn.jpg
Rock sandpiper,https://upload.wikimedia.org/wikipedia/commons/thumb/b/bf/Calidris_ptilocnemis1.jpg/330px-Calidris_ptilocnemis1.jpg
Rock sparrow,https://upload.wikimedia.org/wikipedia/commons/thumb/2/2d/2017-05-02_Petronia_petronia%2C_Monestir_d%27Avellanes%2C_Catalunya_07.jpg/330px-2017-05-02_Petronia_petronia%2C_Monestir_d%27Avellanes%2C_Catalunya_07.jpg
Rock wren,https://upload.wikimedia.org/wikipedia/commons/thumb/f/f4/RockWren.jpg/330px-RockWren.jpg
Rook (bird),https://upload.wikimedia.org/wikipedia/commons/thumb/a/af/Rook_%28Corvus_frugilegus%29_Heligan.jpg/330px-Rook_%28Corvus_frugilegus%29_Heligan.jpg
Rose-breasted grosbeak,https://upload.wikimedia.org/wikipedia/commons/thumb/d/d3/RosebreastedGrosbeak08.jpg/330px-RosebreastedGrosbeak08.jpg
Rose-ringed parakeet,https://upload.wikimedia.org/wikipedia/commons/thumb/6/69/African_Rose-ringed_Parakeet%2C_Tendaba%2C_Gambia_1.jpg/330px-African_Rose-ringed_Parakeet%2C_Tendaba%2C_Gambia_1.jpg
Roseate spoonbill,https://upload.wikimedia.org/wikipedia/commons/thumb/b/ba/Roseate_Spoonbill_-_Myakka_River_State_Park.jpg/330px-Roseate_Spoonbill_-_Myakka_River_State_Park.jpg
Roseate tern,https://upload.wikimedia.org/wikipedia/commons/thumb/4/4d/2021-07-10_Sterna_dougallii%2C_St_Marys_Island%2C_Northumberland_15.jpg/330px-2021-07-10_Sterna_dougallii%2C_St_Marys_Island%2C_Northumberland_15.jpg
Ross's goose,https://upload.wikimedia.org/wikipedia/commons/thumb/4/4b/Ross%27s_Goose_%28Chen_rossii%29_%2823321411711%29.jpg/330px-Ross%27s_Goose_%28Chen_rossii%29_%2823321411711%29.jpg
Ross's gull,https://upload.wikimedia.org/wikipedia/commons/thumb/d/d4/Rhodostethia_rosea%2C_Shiretoko%2C_Japan.jpg/330px-Rhodostethia_rosea%2C_Shiretoko%2C_Japan.jpg
Rosy starling,https://upload.wikimedia.org/wikipedia/commons/thumb/1/1d/Pastor_roseus_2023.jpg/330px-Pastor_roseus_2023.jpg
Rough-legged buzzard,https://upload.wikimedia.org/wikipedia/commons/thumb/6/65/Fjellv%C3%A5k_%28Buteo_lagopus%29_%28Rough-legged_Buzzard%29_%28Fj%C3%A4llvr%C3%A5k%29.jpg/330px-Fjellv%C3%A5k_%28Buteo_lagopus%29_%28Rough-legged_Buzzard%29_%28Fj%C3%A4llvr%C3%A5k%29.jpg
Royal tern,https://upload.wikimedia.org/wikipedia/commons/thumb/c/cc/Royal_Tern_-_Thalasseus_maximus_%2833285813120%29.jpg/330px-Royal_Tern_-_Thalasseus_maximus_%2833285813120%29.jpg
Ruby-crowned kinglet,https://upload.wikimedia.org/wikipedia/commons/thumb/f/fb/Regulus_calendula_MP_3.jpg/330px-Regulus_calendula_MP_3.jpg
Ruby-throated hummingbird,https://upload.wikimedia.org/wikipedia/commons/thumb/7/7c/Archilochus_colubris_-flying_-male-8.jpg/330px-Archilochus_colubris_-flying_-male-8.jpg
Ruddy duck,https://upload.wikimedia.org/wikipedia/commons/thumb/b/ba/Ruddy_Duck_%28Oxyura_jamaicensis%29_RWD2.jpg/330px-Ruddy_Duck_%28Oxyura_jamaicensis%29_RWD2.jpg
Ruddy shelduck,https://upload.wikimedia.org/wikipedia/commons/thumb/9/95/2021-01-30_Ruddy_Shelduck_pair_at_Keoladeo%2C_Rajasthan%2C_India.jpg/330px-2021-01-30_Ruddy_Shelduck_pair_at_Keoladeo%2C_Rajasthan%2C_India.jpg
Ruddy turnstone,https://upload.wikimedia.org/wikipedia/commons/thumb/2/2b/Ruddy_turnstone_%28Arenaria_interpres%29_Breeding_Plumage_Heislerville_WMA%2C_Cumberland_County%2C_New_Jersey%2C_USA.jpg/330px-Ruddy_turnstone_%28Arenaria_interpres%29_Breeding_Plumage_Heislerville_WMA%2C_Cumberland_County%2C_New_Jersey%2C_USA.jpg
,https://birdnet.cornell.edu/files/2019/09/Sylvia-ruppeli_Rueppells-Warbler_Antonios-Tsaknakis.jpg
Ruff,https://upload.wikimedia.org/wikipedia/commons/thumb/5/5f/Philomachus_pugnax_-Diergaarde_Blijdorp-8c.jpg/330px-Philomachus_pugnax_-Diergaarde_Blijdorp-8c.jpg
Ruffed grouse,https://upload.wikimedia.org/wikipedia/commons/thumb/7/7e/Ruffed_Grouse_%2818645551408%29.jpg/330px-Ruffed_Grouse_%2818645551408%29.jpg
Rufous hummingbird,https://upload.wikimedia.org/wikipedia/commons/thumb/b/b5/Rufous_Hummingbird%2C_male_01.jpg/330px-Rufous_Hummingbird%2C_male_01.jpg
Rufous-crowned sparrow,https://upload.wikimedia.org/wikipedia/commons/thumb/8/86/Rufous-crowned_Sparrow.jpg/330px-Rufous-crowned_Sparrow.jpg
Common rock thrush,https://upload.wikimedia.org/wikipedia/commons/thumb/f/f9/Monsax.jpg/330px-Monsax.jpg
Rufous-tailed scrub robin,https://upload.wikimedia.org/wikipedia/commons/thumb/b/b0/Agrobate_roux_au_Parc_National_de_l%27Ichkeul_%28Tunisia%29%2C_crop.jpg/330px-Agrobate_roux_au_Parc_National_de_l%27Ichkeul_%28Tunisia%29%2C_crop.jpg
Rufous-winged sparrow,https://upload.wikimedia.org/wikipedia/commons/thumb/d/dd/Rufous-winged_sparrow.jpg/330px-Rufous-winged_sparrow.jpg
Rustic bunting,https://upload.wikimedia.org/wikipedia/commons/thumb/c/c6/Kashiradaka-01.jpg/330px-Kashiradaka-01.jpg
Rusty blackbird,https://upload.wikimedia.org/wikipedia/commons/thumb/b/b7/Euphagus-carolinus-001.jpg/330px-Euphagus-carolinus-001.jpg
Sabine's gull,https://upload.wikimedia.org/wikipedia/commons/thumb/2/24/Sabine%27s_gull_%2853706725122%29.jpg/330px-Sabine%27s_gull_%2853706725122%29.jpg
Sage thrasher,https://upload.wikimedia.org/wikipedia/commons/thumb/7/74/Sage_Thrasher_%2834123631044%29.jpg/330px-Sage_Thrasher_%2834123631044%29.jpg
Sagebrush sparrow,https://upload.wikimedia.org/wikipedia/commons/thumb/8/84/SagebrushSparrow.jpg/330px-SagebrushSparrow.jpg
Sanderling,https://upload.wikimedia.org/wikipedia/commons/thumb/7/7a/Sanderling_%28Calidris_alba%29_in_Breeding_Plumage_in_the_Delaware_Bay_-_Heislerville_WMA_-_Cumberland_County_-_New_Jersey_-_May_2026.jpg/330px-Sanderling_%28Calidris_alba%29_in_Breeding_Plumage_in_the_Delaware_Bay_-_Heislerville_WMA_-_Cumberland_County_-_New_Jersey_-_May_2026.jpg
Sandhill crane,https://upload.wikimedia.org/wikipedia/commons/thumb/5/55/Sandhill_Crane_JG.jpg/330px-Sandhill_Crane_JG.jpg
Sandwich tern,https://upload.wikimedia.org/wikipedia/commons/thumb/3/3e/2021-07-10_Thalasseus_sandvicensis%2C_St_Marys_Island%2C_Northumberland_01.jpg/330px-2021-07-10_Thalasseus_sandvicensis%2C_St_Marys_Island%2C_Northumberland_01.jpg
Sardinian warbler,https://upload.wikimedia.org/wikipedia/commons/thumb/e/e1/Sardinian_Warbler.jpg/330px-Sardinian_Warbler.jpg
Savannah sparrow,https://upload.wikimedia.org/wikipedia/commons/thumb/a/af/Passerculus_sandwichensis_crop.jpg/330px-Passerculus_sandwichensis_crop.jpg
Savi's warbler,https://upload.wikimedia.org/wikipedia/commons/thumb/8/84/Locustellaluscinioides.jpg/330px-Locustellaluscinioides.jpg
Say's phoebe,https://upload.wikimedia.org/wikipedia/commons/thumb/8/85/Sayornis_saya_GNP_01.jpg/330px-Sayornis_saya_GNP_01.jpg
Scaled quail,https://upload.wikimedia.org/wikipedia/commons/thumb/8/8b/068_-_SCALED_QUAIL_%285-10-2015%29_las_cienegas_nca%2C_pima_co%2C_az_-17_%2816935159393%29.jpg/330px-068_-_SCALED_QUAIL_%285-10-2015%29_las_cienegas_nca%2C_pima_co%2C_az_-17_%2816935159393%29.jpg
Scarlet tanager,https://upload.wikimedia.org/wikipedia/commons/thumb/c/cf/Scarlet_tanager_in_GWC_%2850867%29.jpg/330px-Scarlet_tanager_in_GWC_%2850867%29.jpg
Scissor-tailed flycatcher,https://upload.wikimedia.org/wikipedia/commons/thumb/4/45/Tyrannus_forficatus_on_branch.jpg/330px-Tyrannus_forficatus_on_branch.jpg
Scott's oriole,https://upload.wikimedia.org/wikipedia/commons/thumb/e/ef/Scott%27s_Oriole_%2833206326043%29.jpg/330px-Scott%27s_Oriole_%2833206326043%29.jpg
Streaked scrub warbler,https://upload.wikimedia.org/wikipedia/commons/thumb/c/c8/Scotocerca_inquieta_-_Israel_%28cropped2%29_%28cropped%29.jpg/330px-Scotocerca_inquieta_-_Israel_%28cropped2%29_%28cropped%29.jpg
Seaside sparrow,https://upload.wikimedia.org/wikipedia/commons/thumb/2/22/Ammospiza_maritima_140747494_%28cropped%29.jpg/330px-Ammospiza_maritima_140747494_%28cropped%29.jpg
Sedge warbler,https://upload.wikimedia.org/wikipedia/commons/thumb/6/69/Sedge_warbler_%28Acrocephalus_schoenobaenus%29_3.jpg/330px-Sedge_warbler_%28Acrocephalus_schoenobaenus%29_3.jpg
Grass wren,https://upload.wikimedia.org/wikipedia/commons/thumb/0/0d/Grass_wren_%28Cistothorus_platensis_aequatorialis%29_Caldas.jpg/330px-Grass_wren_%28Cistothorus_platensis_aequatorialis%29_Caldas.jpg
Semicollared flycatcher,https://upload.wikimedia.org/wikipedia/commons/thumb/5/54/SemicollaredFlycatcher.jpg/330px-SemicollaredFlycatcher.jpg
Semipalmated plover,https://upload.wikimedia.org/wikipedia/commons/thumb/f/ff/Semipalmated_Plover_%28Charadrius_semipalmatus%29_Heislerville_Wildlife_Management_Area%2C_New_Jersey%2C_USA.jpg/330px-Semipalmated_Plover_%28Charadrius_semipalmatus%29_Heislerville_Wildlife_Management_Area%2C_New_Jersey%2C_USA.jpg
Semipalmated sandpiper,https://upload.wikimedia.org/wikipedia/commons/thumb/1/1d/Semipalmated_sandpiper_at_JBWR_%2830545%29.jpg/330px-Semipalmated_sandpiper_at_JBWR_%2830545%29.jpg
Sharp-shinned hawk,https://upload.wikimedia.org/wikipedia/commons/thumb/c/c9/Accipiter_striatus%2C_Canet_Road%2C_San_Luis_Obispo_1.jpg/330px-Accipiter_striatus%2C_Canet_Road%2C_San_Luis_Obispo_1.jpg
Sharp-tailed grouse,https://upload.wikimedia.org/wikipedia/commons/thumb/c/c3/Sharp-Tailed_Grouse_%2826089894256%29_%28cropped%29.jpg/330px-Sharp-Tailed_Grouse_%2826089894256%29_%28cropped%29.jpg
Short-billed dowitcher,https://upload.wikimedia.org/wikipedia/commons/thumb/5/59/Short-Billed_Dowitcher_-_%28Limnodromus_griseus%29_East_Point_Lighthouse%2C_Delaware_Bay%2C_New_Jersey%2C_USA.jpg/330px-Short-Billed_Dowitcher_-_%28Limnodromus_griseus%29_East_Point_Lighthouse%2C_Delaware_Bay%2C_New_Jersey%2C_USA.jpg
Short-eared owl,https://upload.wikimedia.org/wikipedia/commons/thumb/c/c7/Short_Eared_Owl_on_the_Ground.jpg/330px-Short_Eared_Owl_on_the_Ground.jpg
Short-tailed hawk,https://upload.wikimedia.org/wikipedia/commons/thumb/1/18/Buteo_brachyurus_-Manduri%2C_Sao_Paulo%2C_Brazil_-flying-8.jpg/330px-Buteo_brachyurus_-Manduri%2C_Sao_Paulo%2C_Brazil_-flying-8.jpg
Short-toed snake eagle,https://upload.wikimedia.org/wikipedia/commons/thumb/7/7d/Short-toed_Snake-Eagle_in_Bhigwan_August_2025_by_Tisha_Mukherjee_01.jpg/330px-Short-toed_Snake-Eagle_in_Bhigwan_August_2025_by_Tisha_Mukherjee_01.jpg
Short-toed treecreeper,https://upload.wikimedia.org/wikipedia/commons/thumb/7/7e/Short-toed_treecreeper_%28Certhia_brachydactyla_brachydactyla%29.jpg/330px-Short-toed_treecreeper_%28Certhia_brachydactyla_brachydactyla%29.jpg
Siberian jay,https://upload.wikimedia.org/wikipedia/commons/thumb/2/22/Perisoreus_infaustus_Kittil%C3%A4_20180418_01.jpg/330px-Perisoreus_infaustus_Kittil%C3%A4_20180418_01.jpg
Siberian rubythroat,https://upload.wikimedia.org/wikipedia/commons/thumb/3/36/Luscinia_calliope_-_Pak_Chong_2.jpg/330px-Luscinia_calliope_-_Pak_Chong_2.jpg
Siberian stonechat,https://upload.wikimedia.org/wikipedia/commons/thumb/d/de/Siberian_stonechat_Male.jpg/330px-Siberian_stonechat_Male.jpg
Slender-billed gull,https://upload.wikimedia.org/wikipedia/commons/thumb/7/7b/Slender-billed_gull_%28Chroicocephalus_genei%29_Bahrain.jpg/330px-Slender-billed_gull_%28Chroicocephalus_genei%29_Bahrain.jpg
Smith's longspur,https://upload.wikimedia.org/wikipedia/commons/thumb/7/79/Calcarius_pictus.jpg/330px-Calcarius_pictus.jpg
Snail kite,https://upload.wikimedia.org/wikipedia/commons/thumb/e/e9/087_Male_Snail_kite_in_Encontro_das_%C3%81guas_State_Park_Photo_by_Giles_Laurent.jpg/330px-087_Male_Snail_kite_in_Encontro_das_%C3%81guas_State_Park_Photo_by_Giles_Laurent.jpg
Snow bunting,https://upload.wikimedia.org/wikipedia/commons/thumb/5/57/Snow_Bunting_%28Plectrophenax_nivalis%29%2C_Thule%2C_Greenland_1.jpg/330px-Snow_Bunting_%28Plectrophenax_nivalis%29%2C_Thule%2C_Greenland_1.jpg
Snow goose,https://upload.wikimedia.org/wikipedia/commons/thumb/1/1f/Snow_goose_in_Central_Park_%2833138%29.jpg/330px-Snow_goose_in_Central_Park_%2833138%29.jpg
Snowy egret,https://upload.wikimedia.org/wikipedia/commons/thumb/b/bf/Snowy_Egret_%28Egretta_thula%29_Edwin_B_Forsythe_NWR%2C_Galloway%2C_NJ%2C_USA.jpg/330px-Snowy_Egret_%28Egretta_thula%29_Edwin_B_Forsythe_NWR%2C_Galloway%2C_NJ%2C_USA.jpg
Snowy owl,https://upload.wikimedia.org/wikipedia/commons/thumb/f/f1/SnowyOwlAmericanBlackDuck.jpg/330px-SnowyOwlAmericanBlackDuck.jpg
Snowy plover,https://upload.wikimedia.org/wikipedia/commons/thumb/0/0a/Snowy_Plover_Morro_Strand.jpg/330px-Snowy_Plover_Morro_Strand.jpg
Solitary sandpiper,https://upload.wikimedia.org/wikipedia/commons/thumb/5/57/SolitarySandpiper.jpg/330px-SolitarySandpiper.jpg
Sombre tit,https://upload.wikimedia.org/wikipedia/commons/thumb/7/7d/Poecile_lugubris%2C_Bulgaria_1.jpg/330px-Poecile_lugubris%2C_Bulgaria_1.jpg
Song sparrow,https://upload.wikimedia.org/wikipedia/commons/thumb/0/00/Song_sparrow_in_Prospect_Park_%2893031%29.jpg/330px-Song_sparrow_in_Prospect_Park_%2893031%29.jpg
Song thrush,https://upload.wikimedia.org/wikipedia/commons/thumb/1/1e/%D0%9F%D0%B5%D0%B2%D1%87%D0%B8%D0%B9_%D0%B4%D1%80%D0%BE%D0%B7%D0%B4_%D0%BD%D0%B0_%D0%BF%D0%B5%D0%BD%D1%8C%D0%BA%D0%B5_%28Turdus_philomelos%29%2C_%D0%91%D0%B8%D1%82%D1%86%D0%B5%D0%B2%D1%81%D0%BA%D0%B8%D0%B9_%D0%BB%D0%B5%D1%81.jpg/330px-%D0%9F%D0%B5%D0%B2%D1%87%D0%B8%D0%B9_%D0%B4%D1%80%D0%BE%D0%B7%D0%B4_%D0%BD%D0%B0_%D0%BF%D0%B5%D0%BD%D1%8C%D0%BA%D0%B5_%28Turdus_philomelos%29%2C_%D0%91%D0%B8%D1%82%D1%86%D0%B5%D0%B2%D1%81%D0%BA%D0%B8%D0%B9_%D0%BB%D0%B5%D1%81.jpg
Sooty grouse,https://upload.wikimedia.org/wikipedia/commons/thumb/6/6c/Dendragapus_fuliginosus_5058.JPG/330px-Dendragapus_fuliginosus_5058.JPG
Sooty shearwater,https://upload.wikimedia.org/wikipedia/commons/thumb/4/49/Puffinus_griseus_in_flight_-_SE_Tasmania.jpg/330px-Puffinus_griseus_in_flight_-_SE_Tasmania.jpg
Sooty tern,https://upload.wikimedia.org/wikipedia/commons/thumb/5/52/TRINTA-R%C3%89IS-DAS-ROCAS_na_Ilha_da_Trindade_-_2022_%2852551310766%29.jpg/330px-TRINTA-R%C3%89IS-DAS-ROCAS_na_Ilha_da_Trindade_-_2022_%2852551310766%29.jpg
Sora (bird),https://upload.wikimedia.org/wikipedia/commons/thumb/2/2d/Sora_%28Porzana_carolina%29.jpg/330px-Sora_%28Porzana_carolina%29.jpg
South polar skua,https://upload.wikimedia.org/wikipedia/commons/thumb/a/a3/South_polar_skua.jpg/330px-South_polar_skua.jpg
Spanish sparrow,https://upload.wikimedia.org/wikipedia/commons/thumb/7/7d/Passer_Hispaniolensis_Male.JPG/330px-Passer_Hispaniolensis_Male.JPG
Spectacled warbler,https://upload.wikimedia.org/wikipedia/commons/thumb/c/c1/Fauvette_%C3%A0_lunettes_Aqueduc_de_Zaghouan.jpg/330px-Fauvette_%C3%A0_lunettes_Aqueduc_de_Zaghouan.jpg
Spotless starling,https://upload.wikimedia.org/wikipedia/commons/thumb/c/cd/Spotless_starling_%28Sturnus_unicolor%29_display_1.jpg/330px-Spotless_starling_%28Sturnus_unicolor%29_display_1.jpg
Spotted crake,https://upload.wikimedia.org/wikipedia/commons/thumb/2/25/Spotted_crake_%28Porzana_porzana%29_%286830876880%29.jpg/330px-Spotted_crake_%28Porzana_porzana%29_%286830876880%29.jpg
Spotted flycatcher,https://upload.wikimedia.org/wikipedia/commons/thumb/8/8c/Muscicapa_striata_%D0%BC%D1%83%D1%85%D0%BE%D0%BB%D0%BE%D0%B2%D0%BA%D0%B0_%D1%81%D1%96%D1%80%D0%B0.jpg/330px-Muscicapa_striata_%D0%BC%D1%83%D1%85%D0%BE%D0%BB%D0%BE%D0%B2%D0%BA%D0%B0_%D1%81%D1%96%D1%80%D0%B0.jpg
Spotted owl,https://upload.wikimedia.org/wikipedia/commons/thumb/f/fa/Spotted_Owl_Shasta%E2%80%93Trinity_National_Forest.jpg/330px-Spotted_Owl_Shasta%E2%80%93Trinity_National_Forest.jpg
Spotted redshank,https://upload.wikimedia.org/wikipedia/commons/thumb/2/2d/Spottedredshankbreedingplumage2.jpg/330px-Spottedredshankbreedingplumage2.jpg
Spotted sandgrouse,https://upload.wikimedia.org/wikipedia/commons/thumb/9/95/Spotted_sandgrouse_%28cropped%29.jpg/330px-Spotted_sandgrouse_%28cropped%29.jpg
Spotted sandpiper,https://upload.wikimedia.org/wikipedia/commons/thumb/4/46/Actitis-macularia-005.jpg/330px-Actitis-macularia-005.jpg
Spotted towhee,https://upload.wikimedia.org/wikipedia/commons/thumb/d/d6/Spotted_Towhee_%2832684403303%29.jpg/330px-Spotted_Towhee_%2832684403303%29.jpg
Sprague's pipit,https://upload.wikimedia.org/wikipedia/commons/thumb/5/5c/Spragues_Pipit_%28Anthus_spragueii%29.jpg/330px-Spragues_Pipit_%28Anthus_spragueii%29.jpg
Spruce grouse,https://upload.wikimedia.org/wikipedia/commons/thumb/0/0a/Falcipennis-canadensis-002.jpg/330px-Falcipennis-canadensis-002.jpg
Spur-winged lapwing,https://upload.wikimedia.org/wikipedia/commons/thumb/7/75/Spur-winged_lapwing_%28Vanellus_spinosus%29_in_flight.jpg/330px-Spur-winged_lapwing_%28Vanellus_spinosus%29_in_flight.jpg
Squacco heron,https://upload.wikimedia.org/wikipedia/commons/thumb/6/6e/Crabier_chevelu.jpg/330px-Crabier_chevelu.jpg
Steller's jay,https://upload.wikimedia.org/wikipedia/commons/thumb/c/cf/Steller%27s_Jay_flagstaff_arizona.jpg/330px-Steller%27s_Jay_flagstaff_arizona.jpg
Stilt sandpiper,https://upload.wikimedia.org/wikipedia/commons/thumb/8/87/Stilt_Sandpiper_%2829065008787%29.jpg/330px-Stilt_Sandpiper_%2829065008787%29.jpg
Stock dove,https://upload.wikimedia.org/wikipedia/commons/thumb/b/b5/Pigeon_colombin_%28Colulmba_oenas%29%2C_Parc_de_Woluwe%2C_Bruxelles_%2851921513878%29.jpg/330px-Pigeon_colombin_%28Colulmba_oenas%29%2C_Parc_de_Woluwe%2C_Bruxelles_%2851921513878%29.jpg
Subalpine warbler,https://upload.wikimedia.org/wikipedia/commons/thumb/a/a9/%CE%9A%CE%BF%CE%BA%CE%BA%CE%B9%CE%BD%CE%BF%CF%84%CF%83%CE%B9%CF%81%CE%BF%CE%B2%CE%AC%CE%BA%CE%BF%CF%82.jpg/330px-%CE%9A%CE%BF%CE%BA%CE%BA%CE%B9%CE%BD%CE%BF%CF%84%CF%83%CE%B9%CF%81%CE%BF%CE%B2%CE%AC%CE%BA%CE%BF%CF%82.jpg
Sulphur-bellied flycatcher,https://upload.wikimedia.org/wikipedia/commons/thumb/e/e8/Sulphur-bellied_Flycatcher_%28Myiodynastes_luteiventris%29.jpg/330px-Sulphur-bellied_Flycatcher_%28Myiodynastes_luteiventris%29.jpg
Summer tanager,https://upload.wikimedia.org/wikipedia/commons/thumb/d/dd/Summer_tanager_%28Piranga_rubra%29_male_Copan_3.jpg/330px-Summer_tanager_%28Piranga_rubra%29_male_Copan_3.jpg
Surfbird,https://upload.wikimedia.org/wikipedia/commons/thumb/c/ce/Aphriza_virgata_Cayucos_1.jpg/330px-Aphriza_virgata_Cayucos_1.jpg
Swainson's hawk,https://upload.wikimedia.org/wikipedia/commons/thumb/9/90/Swainson%27s_Hawk_%28Buteo_swainsoni%29_RWD.jpg/330px-Swainson%27s_Hawk_%28Buteo_swainsoni%29_RWD.jpg
Swainson's thrush,https://upload.wikimedia.org/wikipedia/commons/thumb/3/35/Catharus_ustulatus_-North_Dakota-8a.jpg/330px-Catharus_ustulatus_-North_Dakota-8a.jpg
Swainson's warbler,https://upload.wikimedia.org/wikipedia/commons/thumb/3/36/Limnothlypis_swainsonii_4702971_%28cropped%29.jpg/330px-Limnothlypis_swainsonii_4702971_%28cropped%29.jpg
Swallow-tailed kite,https://upload.wikimedia.org/wikipedia/commons/thumb/e/e0/Swallow-tailed_Kite_%2834163638494%29.jpg/330px-Swallow-tailed_Kite_%2834163638494%29.jpg
Swamp sparrow,https://upload.wikimedia.org/wikipedia/commons/thumb/9/95/Melospiza_georgiana_MP_01%2C_crop.jpg/330px-Melospiza_georgiana_MP_01%2C_crop.jpg
Sykes's warbler,https://upload.wikimedia.org/wikipedia/commons/thumb/4/4d/Syke%27s_Warbler_%28Hippolais_rama%29_on_Vilaiti_Siris_%28Samanea_saman%29_in_Kolkata_W_IMG_4659.jpg/330px-Syke%27s_Warbler_%28Hippolais_rama%29_on_Vilaiti_Siris_%28Samanea_saman%29_in_Kolkata_W_IMG_4659.jpg
Syrian woodpecker,https://upload.wikimedia.org/wikipedia/commons/thumb/1/13/Dendrocopos_syriacus.jpg/330px-Dendrocopos_syriacus.jpg
Taiga bean goose,https://upload.wikimedia.org/wikipedia/commons/thumb/9/9d/Taiga_bean_goose_%2854312538416%29.jpg/330px-Taiga_bean_goose_%2854312538416%29.jpg
Tawny owl,https://upload.wikimedia.org/wikipedia/commons/thumb/5/55/Strix_aluco_3_%28Martin_Mecnarowski%29.jpg/330px-Strix_aluco_3_%28Martin_Mecnarowski%29.jpg
Tawny pipit,https://upload.wikimedia.org/wikipedia/commons/thumb/f/f4/Tawny_pipit_47.jpg/330px-Tawny_pipit_47.jpg
Temminck's stint,https://upload.wikimedia.org/wikipedia/commons/thumb/b/b4/Temminck%27s_stint_%28Calidris_temminckii%29_Oppdal.jpg/330px-Temminck%27s_stint_%28Calidris_temminckii%29_Oppdal.jpg
Tennessee warbler,https://upload.wikimedia.org/wikipedia/commons/thumb/e/ee/Leiothlypis_peregrina_Malus_sp_JRVdH_01.jpg/330px-Leiothlypis_peregrina_Malus_sp_JRVdH_01.jpg
Terek sandpiper,https://upload.wikimedia.org/wikipedia/commons/thumb/b/ba/Terek_Sandpiper_%28Xenus_cinereus%29_%2853969645800%29.jpg/330px-Terek_Sandpiper_%28Xenus_cinereus%29_%2853969645800%29.jpg
Thekla's lark,https://upload.wikimedia.org/wikipedia/commons/thumb/b/be/North_African_Thekla%27s_lark_%28Galerida_theklae_carolinae%29_Kebili.jpg/330px-North_African_Thekla%27s_lark_%28Galerida_theklae_carolinae%29_Kebili.jpg
Thick-billed kingbird,https://upload.wikimedia.org/wikipedia/commons/thumb/9/91/605_-_THICK-BILLED_KINGBIRD_%285-22-2018%29_tubac%2C_santa_cruz_co%2C_az_-05_%2842239690802%29.jpg/330px-605_-_THICK-BILLED_KINGBIRD_%285-22-2018%29_tubac%2C_santa_cruz_co%2C_az_-05_%2842239690802%29.jpg
Thick-billed murre,https://upload.wikimedia.org/wikipedia/commons/thumb/f/fb/A_Br%C3%BCnnich%27s_guillemot_%28Uria_lomvia%29_with_prey.jpg/330px-A_Br%C3%BCnnich%27s_guillemot_%28Uria_lomvia%29_with_prey.jpg
Thrush nightingale,https://upload.wikimedia.org/wikipedia/commons/thumb/9/93/Luscinia_luscinia_vogelartinfo_chris_romeiks_CHR3635.jpg/330px-Luscinia_luscinia_vogelartinfo_chris_romeiks_CHR3635.jpg
Townsend's solitaire,https://upload.wikimedia.org/wikipedia/commons/thumb/8/81/TownsendsSolitaire.jpg/330px-TownsendsSolitaire.jpg
Townsend's warbler,https://upload.wikimedia.org/wikipedia/commons/thumb/f/fe/Townsend%27s_warbler_%28Setophaga_townsendi%29_foraging_in_an_American_Tarwort_%28Flourensia_cernua%29_in_Picacho_Hills%2C_Las_Cruces%2C_New_Mexico%2C_USA.jpg/330px-Townsend%27s_warbler_%28Setophaga_townsendi%29_foraging_in_an_American_Tarwort_%28Flourensia_cernua%29_in_Picacho_Hills%2C_Las_Cruces%2C_New_Mexico%2C_USA.jpg
Tree pipit,https://upload.wikimedia.org/wikipedia/commons/thumb/6/6d/Tree_pipit_-_Jamnagar_2021-10-16.jpg/330px-Tree_pipit_-_Jamnagar_2021-10-16.jpg
Tree swallow,https://upload.wikimedia.org/wikipedia/commons/thumb/d/d0/Tree_swallow_in_JBWR_%2825579%29.jpg/330px-Tree_swallow_in_JBWR_%2825579%29.jpg
Tricolored blackbird,https://upload.wikimedia.org/wikipedia/commons/thumb/b/b8/Blackbird_tricolored_male_summer_california_monte-m-taylor.jpg/330px-Blackbird_tricolored_male_summer_california_monte-m-taylor.jpg
Tricolored heron,https://upload.wikimedia.org/wikipedia/commons/thumb/6/6e/Tri-colored_heron_sunrise_bunche_beach_%2833516451355%29_%28cropped%29.jpg/330px-Tri-colored_heron_sunrise_bunche_beach_%2833516451355%29_%28cropped%29.jpg
Tristram's warbler,https://upload.wikimedia.org/wikipedia/commons/thumb/d/d1/SylviaDeserticolaKeulemans.jpg/330px-SylviaDeserticolaKeulemans.jpg
Tropical kingbird,https://upload.wikimedia.org/wikipedia/commons/thumb/4/4f/Tropical_kingbird_%28Tyrannus_melancholicus%29.JPG/330px-Tropical_kingbird_%28Tyrannus_melancholicus%29.JPG
Tropical parula,https://upload.wikimedia.org/wikipedia/commons/thumb/b/bb/Parula_pitiayumi_-Piraju%2C_Sao_Paulo%2C_Brazil-8.jpg/330px-Parula_pitiayumi_-Piraju%2C_Sao_Paulo%2C_Brazil-8.jpg
Trumpeter finch,https://upload.wikimedia.org/wikipedia/commons/thumb/a/a5/Trumpeter_finch_%28Bucanetes_githagineus_zedlitzi%29_male_Kebili.jpg/330px-Trumpeter_finch_%28Bucanetes_githagineus_zedlitzi%29_male_Kebili.jpg
Trumpeter swan,https://upload.wikimedia.org/wikipedia/commons/thumb/d/d8/Trumpeter_swans_in_winter.jpg/330px-Trumpeter_swans_in_winter.jpg
Tufted duck,https://upload.wikimedia.org/wikipedia/commons/thumb/7/73/Tufted_Duck_09_05_2025_02.jpg/330px-Tufted_Duck_09_05_2025_02.jpg
Tufted titmouse,https://upload.wikimedia.org/wikipedia/commons/thumb/2/27/Tufted_titmouse_%2884917%29.jpg/330px-Tufted_titmouse_%2884917%29.jpg
Tundra bean goose,https://upload.wikimedia.org/wikipedia/commons/thumb/5/50/101777_%E8%B1%86%E9%9B%81%E4%BE%86%E8%87%A8.jpg/330px-101777_%E8%B1%86%E9%9B%81%E4%BE%86%E8%87%A8.jpg
Tundra swan,https://upload.wikimedia.org/wikipedia/commons/thumb/4/4a/Cygnus_bewickii_01.jpg/330px-Cygnus_bewickii_01.jpg
Twite,https://upload.wikimedia.org/wikipedia/commons/thumb/9/9b/Twite_%28Linaria_flavirostris%29%2C_Zinc_Road%2C_Teesside_%2853540824279%29.jpg/330px-Twite_%28Linaria_flavirostris%29%2C_Zinc_Road%2C_Teesside_%2853540824279%29.jpg
Upcher's warbler,https://upload.wikimedia.org/wikipedia/commons/thumb/4/4d/Hippolais_languida_8366447.jpg/330px-Hippolais_languida_8366447.jpg
Upland sandpiper,https://upload.wikimedia.org/wikipedia/commons/thumb/5/52/Bartramia_longicauda_Orangeburg_1.jpg/330px-Bartramia_longicauda_Orangeburg_1.jpg
Ural owl,https://upload.wikimedia.org/wikipedia/commons/thumb/4/4d/Strix_uralensis%2C_Kotka%2C_Finland_1.jpg/330px-Strix_uralensis%2C_Kotka%2C_Finland_1.jpg
Varied bunting,https://upload.wikimedia.org/wikipedia/commons/thumb/1/17/Passerina_versicolorAOP02CA.jpg/330px-Passerina_versicolorAOP02CA.jpg
Varied thrush,https://upload.wikimedia.org/wikipedia/commons/thumb/a/ac/Varied_thrush_%2873976%29.jpg/330px-Varied_thrush_%2873976%29.jpg
Vaux's swift,https://upload.wikimedia.org/wikipedia/commons/thumb/1/16/Vaux%27s_Swift_-_La_Paz_-_Costa_Rica_MG_1768_%2826435571450%29.jpg/330px-Vaux%27s_Swift_-_La_Paz_-_Costa_Rica_MG_1768_%2826435571450%29.jpg
Veery,https://upload.wikimedia.org/wikipedia/commons/thumb/e/e8/Veery_in_CP_%2843277%29.jpg/330px-Veery_in_CP_%2843277%29.jpg
Verdin,https://upload.wikimedia.org/wikipedia/commons/thumb/a/a7/Auriparus_flavicepsPCCA20050310-5817B.jpg/330px-Auriparus_flavicepsPCCA20050310-5817B.jpg
Scarlet flycatcher,https://upload.wikimedia.org/wikipedia/commons/thumb/6/64/095_Scarlet_Flycatcher_in_Encontro_das_%C3%81guas_State_Park_Photo_by_Giles_Laurent.jpg/330px-095_Scarlet_Flycatcher_in_Encontro_das_%C3%81guas_State_Park_Photo_by_Giles_Laurent.jpg
Vesper sparrow,https://upload.wikimedia.org/wikipedia/commons/thumb/9/94/Pooecetes_gramineus_-USA-8_%28cropped%29.jpg/330px-Pooecetes_gramineus_-USA-8_%28cropped%29.jpg
Violet-green swallow,https://upload.wikimedia.org/wikipedia/commons/thumb/f/f1/Violet-green_Swallow%2C_Mono_Lake%2C_California.jpg/330px-Violet-green_Swallow%2C_Mono_Lake%2C_California.jpg
Virginia rail,https://upload.wikimedia.org/wikipedia/commons/thumb/2/2f/Virginia_rail_%2841109%29.jpg/330px-Virginia_rail_%2841109%29.jpg
Virginia's warbler,https://upload.wikimedia.org/wikipedia/commons/thumb/7/75/VirginiasWarbler.jpg/330px-VirginiasWarbler.jpg
Wallcreeper,https://upload.wikimedia.org/wikipedia/commons/thumb/f/fd/Wallcreeper_%28Tichodroma_muraria%29_%2851181111456%29.jpg/330px-Wallcreeper_%28Tichodroma_muraria%29_%2851181111456%29.jpg
Wandering tattler,https://upload.wikimedia.org/wikipedia/commons/thumb/0/0b/WanderingTattler.jpg/330px-WanderingTattler.jpg
Warbling vireo,https://upload.wikimedia.org/wikipedia/commons/thumb/7/7f/Warbling_vireo_%2882141%29.jpg/330px-Warbling_vireo_%2882141%29.jpg
Water pipit,https://upload.wikimedia.org/wikipedia/commons/thumb/2/24/Anthus_spinoletta_-_Water_Pipit%2C_Kahramanmara%C5%9F_2016-11-18_01-10.jpg/330px-Anthus_spinoletta_-_Water_Pipit%2C_Kahramanmara%C5%9F_2016-11-18_01-10.jpg
Water rail,https://upload.wikimedia.org/wikipedia/commons/thumb/b/b3/Water_rail_2022_04_30_01.jpg/330px-Water_rail_2022_04_30_01.jpg
Western bluebird,https://upload.wikimedia.org/wikipedia/commons/thumb/1/13/Western_bluebird_%28male%29.jpg/330px-Western_bluebird_%28male%29.jpg
Western Bonelli's warbler,https://upload.wikimedia.org/wikipedia/commons/thumb/7/70/Phylloscopus_bonelli_2.jpg/330px-Phylloscopus_bonelli_2.jpg
Western capercaillie,https://upload.wikimedia.org/wikipedia/commons/thumb/b/ba/David_Palmer_Capercaillie.jpg/330px-David_Palmer_Capercaillie.jpg
Western grebe,https://upload.wikimedia.org/wikipedia/commons/thumb/d/d2/Western_Grebe_swimming.jpg/330px-Western_Grebe_swimming.jpg
Western gull,https://upload.wikimedia.org/wikipedia/commons/thumb/6/69/Larus_occidentalis_%28Western_Gull%29%2C_Point_Lobos%2C_CA%2C_US_-_May_2013.jpg/330px-Larus_occidentalis_%28Western_Gull%29%2C_Point_Lobos%2C_CA%2C_US_-_May_2013.jpg
Western kingbird,https://upload.wikimedia.org/wikipedia/commons/thumb/5/5d/Western_kingbird_%2871748%29.jpg/330px-Western_kingbird_%2871748%29.jpg
Western meadowlark,https://upload.wikimedia.org/wikipedia/commons/thumb/5/53/Sturnella_neglecta_GNP_02.jpg/330px-Sturnella_neglecta_GNP_02.jpg
Western olivaceous warbler,https://upload.wikimedia.org/wikipedia/commons/thumb/3/37/Iduna_opaca_121340041.jpg/330px-Iduna_opaca_121340041.jpg
Western Orphean warbler,https://upload.wikimedia.org/wikipedia/commons/thumb/3/3c/Western_Orphean_Warbler.jpg/330px-Western_Orphean_Warbler.jpg
Western rock nuthatch,https://upload.wikimedia.org/wikipedia/commons/thumb/0/0f/Sitta_neumayer_0.jpg/330px-Sitta_neumayer_0.jpg
Western sandpiper,https://upload.wikimedia.org/wikipedia/commons/thumb/5/51/Western_Sandpiper.jpg/330px-Western_Sandpiper.jpg
Western screech owl,https://upload.wikimedia.org/wikipedia/commons/thumb/e/e1/Western_Screech_Owl.jpg/330px-Western_Screech_Owl.jpg
Western swamphen,https://upload.wikimedia.org/wikipedia/commons/thumb/6/6c/Purpurhuhn.jpg/330px-Purpurhuhn.jpg
Western tanager,https://upload.wikimedia.org/wikipedia/commons/thumb/7/7b/Western_Tanager_%28male%29.jpg/330px-Western_Tanager_%28male%29.jpg
Western wood pewee,https://upload.wikimedia.org/wikipedia/commons/thumb/9/9f/Western_Wood-Peewee_-_Sisters_-_Oregon_S4E1878_%2819236709745%29.jpg/330px-Western_Wood-Peewee_-_Sisters_-_Oregon_S4E1878_%2819236709745%29.jpg
Western yellow wagtail,https://upload.wikimedia.org/wikipedia/commons/thumb/6/67/Wiesenschafstelze.JPG/330px-Wiesenschafstelze.JPG
Whimbrel,https://upload.wikimedia.org/wikipedia/commons/thumb/0/0c/Whimbrel_Numenius_phaeopus.jpg/330px-Whimbrel_Numenius_phaeopus.jpg
Whinchat,https://upload.wikimedia.org/wikipedia/commons/thumb/f/f4/Tarier_des_pr%C3%A8s_Zaghouan_NP001.jpg/330px-Tarier_des_pr%C3%A8s_Zaghouan_NP001.jpg
Whiskered screech owl,https://upload.wikimedia.org/wikipedia/commons/thumb/6/63/Megascops_trichopsis.jpg/330px-Megascops_trichopsis.jpg
Whiskered tern,https://upload.wikimedia.org/wikipedia/commons/thumb/1/17/Whiskered_tern_%28Chlidonias_hybrida_delalandii%29.jpg/330px-Whiskered_tern_%28Chlidonias_hybrida_delalandii%29.jpg
American white ibis,https://upload.wikimedia.org/wikipedia/commons/thumb/5/50/American_White_IbisII.jpg/330px-American_White_IbisII.jpg
White stork,https://upload.wikimedia.org/wikipedia/commons/thumb/1/13/White_stork_%28Ciconia_ciconia%29_Bia%C5%82owieza.jpg/330px-White_stork_%28Ciconia_ciconia%29_Bia%C5%82owieza.jpg
White wagtail,https://upload.wikimedia.org/wikipedia/commons/thumb/6/60/20180415_015_Winterswijk_Witte_kwikstaart_%2840785272624%29.jpg/330px-20180415_015_Winterswijk_Witte_kwikstaart_%2840785272624%29.jpg
White-backed woodpecker,https://upload.wikimedia.org/wikipedia/commons/thumb/b/b6/Dendrocopos_leucotos_2.jpg/330px-Dendrocopos_leucotos_2.jpg
White-breasted nuthatch,https://upload.wikimedia.org/wikipedia/commons/thumb/5/52/White-breasted_nuthatch_%2826471%29.jpg/330px-White-breasted_nuthatch_%2826471%29.jpg
White-crowned sparrow,https://upload.wikimedia.org/wikipedia/commons/thumb/9/92/White-crowned-Sparrow.jpg/330px-White-crowned-Sparrow.jpg
White-crowned wheatear,https://upload.wikimedia.org/wikipedia/commons/thumb/e/e0/Red-rumped_wheatear_%28Oenanthe_moesta%29_Kebili.jpg/330px-Red-rumped_wheatear_%28Oenanthe_moesta%29_Kebili.jpg
White-eyed vireo,https://upload.wikimedia.org/wikipedia/commons/thumb/c/c7/Edit_white-eyed_vireo_blandair_4.20.20_DSC_0224.jpg/330px-Edit_white-eyed_vireo_blandair_4.20.20_DSC_0224.jpg
White-faced ibis,https://upload.wikimedia.org/wikipedia/commons/thumb/a/a8/Adult_white-faced_ibis_%28Plegadis_chihi%29-4026.jpg/330px-Adult_white-faced_ibis_%28Plegadis_chihi%29-4026.jpg
White-headed woodpecker,https://upload.wikimedia.org/wikipedia/commons/thumb/e/ea/Picoides_albolarvatus_FWS.jpg/330px-Picoides_albolarvatus_FWS.jpg
White-rumped sandpiper,https://upload.wikimedia.org/wikipedia/commons/thumb/6/66/White-rumped_sandpiper_%28Calidris_fuscicollis%29_in_breeding_plumage_01.jpg/330px-White-rumped_sandpiper_%28Calidris_fuscicollis%29_in_breeding_plumage_01.jpg
White-spectacled bulbul,https://upload.wikimedia.org/wikipedia/commons/thumb/3/31/White-spectacled_bulbul.jpg/330px-White-spectacled_bulbul.jpg
White-tailed eagle,https://upload.wikimedia.org/wikipedia/commons/thumb/6/6d/NZ7_5265_%2852812350718%29.jpg/330px-NZ7_5265_%2852812350718%29.jpg
White-tailed kite,https://upload.wikimedia.org/wikipedia/commons/thumb/f/f8/Elanus_leucurus_3.jpg/330px-Elanus_leucurus_3.jpg
White-tailed lapwing,https://upload.wikimedia.org/wikipedia/commons/thumb/8/86/White-tailed_lapwing_%28Vanellus_leucurus%29.jpg/330px-White-tailed_lapwing_%28Vanellus_leucurus%29.jpg
White-tailed ptarmigan,https://upload.wikimedia.org/wikipedia/commons/thumb/5/56/White-tailed_Ptarmigan%2C_Rocky_Mountains%2C_Alberta.jpg/330px-White-tailed_Ptarmigan%2C_Rocky_Mountains%2C_Alberta.jpg
White-throated dipper,https://upload.wikimedia.org/wikipedia/commons/thumb/f/f5/Cinclus_cinclus_-Kirkcudbright%2C_Scotland-8.jpg/330px-Cinclus_cinclus_-Kirkcudbright%2C_Scotland-8.jpg
White-throated kingfisher,https://upload.wikimedia.org/wikipedia/commons/thumb/c/c8/White-throated_kingfisher_%28Halcyon_smyrnensis%29_Galle.jpg/330px-White-throated_kingfisher_%28Halcyon_smyrnensis%29_Galle.jpg
White-throated robin,https://upload.wikimedia.org/wikipedia/commons/thumb/4/46/Berkute_%28cropped%29.jpg/330px-Berkute_%28cropped%29.jpg
White-throated sparrow,https://upload.wikimedia.org/wikipedia/commons/thumb/f/f3/Zonotrichia_albicollis_CT1.jpg/330px-Zonotrichia_albicollis_CT1.jpg
White-throated swift,https://upload.wikimedia.org/wikipedia/commons/thumb/b/b7/White-throated_Swift_%28Aeronautes_saxatalis%29_in_flight.jpg/330px-White-throated_Swift_%28Aeronautes_saxatalis%29_in_flight.jpg
White-tipped dove,https://upload.wikimedia.org/wikipedia/commons/thumb/a/a0/White-tipped_Dove_-_Panama_H8O8470.jpg/330px-White-tipped_Dove_-_Panama_H8O8470.jpg
Two-barred crossbill,https://upload.wikimedia.org/wikipedia/commons/thumb/4/46/Whitewingedcrossbillmale09.jpg/330px-Whitewingedcrossbillmale09.jpg
White-winged dove,https://upload.wikimedia.org/wikipedia/commons/thumb/c/c2/Zenaida_asiatica_-Tuscon_-Arizona_-USA_-8a.jpg/330px-Zenaida_asiatica_-Tuscon_-Arizona_-USA_-8a.jpg
White-winged lark,https://upload.wikimedia.org/wikipedia/commons/thumb/5/5d/Alauda_leucoptera_57392188.jpg/330px-Alauda_leucoptera_57392188.jpg
White-winged snowfinch,https://upload.wikimedia.org/wikipedia/commons/thumb/3/38/Snowfinch.jpg/330px-Snowfinch.jpg
White-winged tern,https://upload.wikimedia.org/wikipedia/commons/thumb/d/d0/Chlidonias_leucopterus_2023-04-08.jpg/330px-Chlidonias_leucopterus_2023-04-08.jpg
Whooper swan,https://upload.wikimedia.org/wikipedia/commons/thumb/1/1c/Cygnus_cygnus_Singschwan.jpg/330px-Cygnus_cygnus_Singschwan.jpg
Wild turkey,https://upload.wikimedia.org/wikipedia/commons/thumb/b/bc/20260428_tom_wild_turkey_matthaei_botanical_gardens_PD08952.jpg/330px-20260428_tom_wild_turkey_matthaei_botanical_gardens_PD08952.jpg
Willet,https://upload.wikimedia.org/wikipedia/commons/thumb/2/2c/Catoptrophorus_semipalmatus_edit.jpg/330px-Catoptrophorus_semipalmatus_edit.jpg
Williamson's sapsucker,https://upload.wikimedia.org/wikipedia/commons/thumb/0/0f/Williamson%27s_Sapsucker_-_Sisters_-_Oregon_S4E1518_%2819038668100%29.jpg/330px-Williamson%27s_Sapsucker_-_Sisters_-_Oregon_S4E1518_%2819038668100%29.jpg
Willow flycatcher,https://upload.wikimedia.org/wikipedia/commons/thumb/1/1a/20250524_willow_flycatcher_major_donnelly_PD202635.jpg/330px-20250524_willow_flycatcher_major_donnelly_PD202635.jpg
Willow ptarmigan,https://upload.wikimedia.org/wikipedia/commons/thumb/e/ec/Lagopus_lagopus_adult_%28Denali%2C_2010%29.jpg/330px-Lagopus_lagopus_adult_%28Denali%2C_2010%29.jpg
Willow tit,https://upload.wikimedia.org/wikipedia/commons/thumb/1/13/Poecile_montanus_kleinschmidti.jpg/330px-Poecile_montanus_kleinschmidti.jpg
Willow warbler,https://upload.wikimedia.org/wikipedia/commons/thumb/5/5b/Willow_Warbler_Phylloscopus_trochilus.jpg/330px-Willow_Warbler_Phylloscopus_trochilus.jpg
Wilson's plover,https://upload.wikimedia.org/wikipedia/commons/thumb/a/a5/Wilson%27s_Plover_male_RWD2.jpg/330px-Wilson%27s_Plover_male_RWD2.jpg
Wilson's snipe,https://upload.wikimedia.org/wikipedia/commons/thumb/9/9d/Gallinago-delicata-002-cropped.jpg/330px-Gallinago-delicata-002-cropped.jpg
Wilson's warbler,https://upload.wikimedia.org/wikipedia/commons/thumb/8/85/Wilsonia_pusilla.jpg/330px-Wilsonia_pusilla.jpg
Winter wren,https://upload.wikimedia.org/wikipedia/commons/thumb/8/8a/Winter_wren_in_Prospect_Park_%2832249%29.jpg/330px-Winter_wren_in_Prospect_Park_%2832249%29.jpg
Wood duck,https://upload.wikimedia.org/wikipedia/commons/thumb/b/b4/Aix_sponsa_-Texas%2C_USA_-flying-8.jpg/330px-Aix_sponsa_-Texas%2C_USA_-flying-8.jpg
Woodlark,https://upload.wikimedia.org/wikipedia/commons/thumb/9/96/Lullula_arborea_%28J%C3%A1n_Svetl%C3%ADk%29.jpg/330px-Lullula_arborea_%28J%C3%A1n_Svetl%C3%ADk%29.jpg
Wood sandpiper,https://upload.wikimedia.org/wikipedia/commons/thumb/8/87/Wood_Sandpiper_Safari_Park.jpg/330px-Wood_Sandpiper_Safari_Park.jpg
Wood stork,https://upload.wikimedia.org/wikipedia/commons/thumb/1/1c/WoodStorkWhole.JPG/330px-WoodStorkWhole.JPG
Wood thrush,https://upload.wikimedia.org/wikipedia/commons/thumb/f/fd/Wood_thrush_%28Hylocichla_mustelina%29_Peten.jpg/330px-Wood_thrush_%28Hylocichla_mustelina%29_Peten.jpg
Wood warbler,https://upload.wikimedia.org/wikipedia/commons/thumb/e/e0/Flickr_-_Rainbirder_-_Wood_Warbler_%28Phylloscopus_sibilatrix%29.jpg/330px-Flickr_-_Rainbirder_-_Wood_Warbler_%28Phylloscopus_sibilatrix%29.jpg
Woodchat shrike,https://upload.wikimedia.org/wikipedia/commons/thumb/4/44/Woodchat_shrike_%28Lanius_senator_senator%29.jpg/330px-Woodchat_shrike_%28Lanius_senator_senator%29.jpg
Woodhouse's scrub jay,https://upload.wikimedia.org/wikipedia/commons/thumb/2/24/Western_Scrub_Jay%2C_Santa_Fe.jpg/330px-Western_Scrub_Jay%2C_Santa_Fe.jpg
Worm-eating warbler,https://upload.wikimedia.org/wikipedia/commons/thumb/7/71/Worm-eating_Warbler.jpg/330px-Worm-eating_Warbler.jpg
Wrentit,https://upload.wikimedia.org/wikipedia/commons/thumb/3/39/Wrentit_-_Sobrante_Ridge_Regional_Preserve%2C_California.jpg/330px-Wrentit_-_Sobrante_Ridge_Regional_Preserve%2C_California.jpg
Yellow rail,https://upload.wikimedia.org/wikipedia/commons/thumb/6/62/Yellow_Rail.jpg/330px-Yellow_Rail.jpg
American yellow warbler,https://upload.wikimedia.org/wikipedia/commons/thumb/7/70/Yellow_warbler_%2882905%29.jpg/330px-Yellow_warbler_%2882905%29.jpg
Yellow-bellied flycatcher,https://upload.wikimedia.org/wikipedia/commons/thumb/b/bc/Yellow-bellied_Flycatcher_-_Empidonax_flaviventris.jpg/330px-Yellow-bellied_Flycatcher_-_Empidonax_flaviventris.jpg
Yellow-bellied sapsucker,https://upload.wikimedia.org/wikipedia/commons/thumb/a/a8/Yellow-bellied_sapsucker_in_CP_%2840484%29.jpg/330px-Yellow-bellied_sapsucker_in_CP_%2840484%29.jpg
Alpine chough,https://upload.wikimedia.org/wikipedia/commons/thumb/2/2d/Alpine_Chough_by_Jim_Higham.jpg/330px-Alpine_Chough_by_Jim_Higham.jpg
Yellow-billed cuckoo,https://upload.wikimedia.org/wikipedia/commons/thumb/a/aa/Yellow-billed_cuckoo_%2842690%29.jpg/330px-Yellow-billed_cuckoo_%2842690%29.jpg
Yellow-billed magpie,https://upload.wikimedia.org/wikipedia/commons/thumb/e/e0/Pica_nuttalli_Lake_San_Antonio.jpg/330px-Pica_nuttalli_Lake_San_Antonio.jpg
Yellow-breasted chat,https://upload.wikimedia.org/wikipedia/commons/thumb/f/fb/Yellow-Breasted-Chat-Oregon.jpg/330px-Yellow-Breasted-Chat-Oregon.jpg
Yellow-browed warbler,https://upload.wikimedia.org/wikipedia/commons/thumb/8/8b/Yellow-browed_warbler_%28Phylloscopus_inornatus%29%2C_Parc_du_Slot%2C_Woluw%C3%A9-St.-Lambert%2C_Brussels_%2834053989676%29.jpg/330px-Yellow-browed_warbler_%28Phylloscopus_inornatus%29%2C_Parc_du_Slot%2C_Woluw%C3%A9-St.-Lambert%2C_Brussels_%2834053989676%29.jpg
Yellow-crowned night heron,https://upload.wikimedia.org/wikipedia/commons/thumb/7/74/Yellow-crowned_night_heron_North_Seymour.JPG/330px-Yellow-crowned_night_heron_North_Seymour.JPG
Yellow-eyed junco,https://upload.wikimedia.org/wikipedia/commons/thumb/c/c2/Yellow-eyed_Junco.jpg/330px-Yellow-eyed_Junco.jpg
Yellow-headed blackbird,https://upload.wikimedia.org/wikipedia/commons/thumb/3/3b/Male_Yellow-headed_Blackbird.jpg/330px-Male_Yellow-headed_Blackbird.jpg
Yellow-legged gull,https://upload.wikimedia.org/wikipedia/commons/thumb/a/a3/Yellow-legged_Gull_2023-10-10.jpg/330px-Yellow-legged_Gull_2023-10-10.jpg
Yellow-rumped warbler,https://upload.wikimedia.org/wikipedia/commons/thumb/b/b4/Yellow-rumped_warbler_singing_%2841612%29_%28cropped%29.jpg/330px-Yellow-rumped_warbler_singing_%2841612%29_%28cropped%29.jpg
Yellow-throated vireo,https://upload.wikimedia.org/wikipedia/commons/thumb/f/fa/Vireo-flavifrons-001.jpg/330px-Vireo-flavifrons-001.jpg
Yellow-throated warbler,https://upload.wikimedia.org/wikipedia/commons/thumb/1/13/Setophaga_dominica%2C_Tisbury%2C_Martha%27s_Vineyard%2C_Massachusetts_496646966.jpg/330px-Setophaga_dominica%2C_Tisbury%2C_Martha%27s_Vineyard%2C_Massachusetts_496646966.jpg
Yellowhammer,https://upload.wikimedia.org/wikipedia/commons/thumb/6/62/Goldammer_Emberiza_citrinella.jpg/330px-Goldammer_Emberiza_citrinella.jpg
Zitting cisticola,https://upload.wikimedia.org/wikipedia/commons/thumb/3/31/Zitting_cisticola_2024_04_19_%28cropped%29.jpg/330px-Zitting_cisticola_2024_04_19_%28cropped%29.jpg
Zone-tailed hawk,https://upload.wikimedia.org/wikipedia/commons/thumb/8/8c/229_-_ZONE-TAILED_HAWK_%284-11-2015%29_blue_haven_road%2C_patagonia%2C_santa_cruz_co%2C_az_-02_%2816906279787%29.jpg/330px-229_-_ZONE-TAILED_HAWK_%284-11-2015%29_blue_haven_road%2C_patagonia%2C_santa_cruz_co%2C_az_-02_%2816906279787%29.jpg
,https://medien.informatik.tu-chemnitz.de/birdnet/files/2022/03/cornell_logo_simple_black-300x76.png
,https://medien.informatik.tu-chemnitz.de/birdnet/files/2022/03/tuc_logo_black-300x162.png
